Colonne1;Colonne2;Colonne3;Colonne4;Colonne5;Colonne6;Colonne7;Colonne8;Colonne9;Colonne10
Client;Adresse ;Wilaya;Pays ;Tel;Fax;Email;Web;Produit;Note
ENTREPRISE NA TIONALE DES GRANULA TS - ENG;Z.A GUE DE CONSTANTINE BT N°4 KOUBA;ALGER;Algerie;023.29.63.37/38/39;023.29.63.30/31;zitounis@yahoo.fr/dc@eng.dz;;;
SARL ALMEXOL ALGERIE;CITE 22 LOGTS BT B AZAZGA W. TIZI ofiz80Se;TIZI-OUZOU;Algerie;021 81 98 94/0770 49 12 05 ;021 81 98 94;almexol@almex.fr/rouiba@almexol.fr;www.almex.fr;;
SARL TESMETAL;CITE BENOUADAN HAMADI;BOUMERDES;Algerie;0556 93 02 80;;;;;
2MP INDUSTRY SPA (MOUSSAOUI INDUSTRY);LOT N°39 CITE AIDJA ETAGE N°2ZONE INDUSTRIELLE BOUFARIK NORD 09400 W.BLIDA;BLIDA;Algerie;025.28.39.46/39;025.28.39.46;contact@2mp-dz.com;;;
ASKY PRINT ALGERIE;CITE DES ABBATTOIRES N°54 LOCAL A STAOUELI ALGER;ALGER;Algerie;021 39 25 24;021 39 37 81;com mercial@askyprint-dz.com/n.chaouti@askyprint-dz.com;;;
CTS RAHMOUNE;ZONE INDUSTRIELLE OUED SLY W.CHLEF;CHLEF;Algerie;027.71.18.45/29;027.71.17.48/;ctschlef@hotmail.com;;;
ETS SIADAUTOMOBILES SPA;BD COLONEL AHMEDZAIDAT RN12 15300 AZAZGA;TIZI-OUZOU;Algerie;026.141 133;026.14.11.22;siad@groupesiad-dz.com;www.siad-dz.com;;
EURL AMMOUR BUILDING CORPORA TION.DZ;SIDI AEK CITE MOULOUD N 06 09000 BLIDA;BLIDA;Algerie;0552 12 12 98;025.24.63.20;info@ammour.com;;;
EURL DELUXEMARBRE;CITE DJILALI DARAI OUELD HEDADJ BOUMERDES;ALGER;Algerie;024 97 98 21;024 97 98 21;faouzi.ahmedali@delux-marbre.com;;;
EURL GOLFARABES;CITE LES ROSIERS SNTR;ALGER;Algerie;0550 50 91 09 ;;;;;
EURL IMA DA CHE CONS TRUC TION MET ALL IQUE;ROUTE N°26 ZAC BOUZEROUAL AKBOU BEJAIA;BEJAIA;Algerie;0560.03.60.25/0560 ;03 60 22/24 034.36.00.65;eicm_akbou@yahoo.fr/ commercial@icm-dz.com;;;
EURL PROM A ECO;LOT 09 SEC 02 ROUTE DE RAHMANIA CODE ABC DOUERA;ALGER;Algerie;;;;;;
EURL RAISCOUR;85 ZEA 5eme TRANCHE W.SETIF;SETIF;Algerie;036.44.91.30;036.44.94.16;infos@raiscour.com;;;
EURL SERVICE FORAGE ET TOURNAGE (SFT);LONT N°04 GROUPE DE PROPRIETE 208 OULED HADDADI BOUMERDES;BOUMERDES;Algerie;024 70 36 81/82 ;024 70 36 81/82 ;aymen.fourage@gmail.com;;;
EURL SIHRBRAOIMPORT/EXPORT;Mechyat Zegagra , Bazar Sekhra , EL EULMA SETIF;SETIF;Algerie;0550.44.62.67;036.86.23.80;gheraibcherif@hotmail.fr;;;
EURL YAHIA CHERIFNET;142 RESIDENCE EL ANDALOUS TIXERAINE ALGER;ALGER;Algerie ;023 46 03 01;023 46 03 01;;;;
GAEA PROMOTIONIMMOBILIERE;CITE AISSAT IDIR N 196 CHERAGA;ALGER;Algerie;0555 04 97 79;;;;;
IP-FIG FORMATION;COOPERATIVE ENNADJAH 1 N°78 DELY BRAHIM ALGER;ALGER;Algerie;023 36 24 42;023 36 24 42;contact@ipfig.com;;;
MORTEROSPA;288 RUE DE LILLE ARRIEVE PORT BEDJAIA;BEJAIA;Algerie;034.22.63.62;034.22.63.62;lounes madaoui@cceramica-madaoui_com;;;
AM TURE ETANCHE EURL;CITE 360 LOGEMENT BT A 7N°3 BEN AKNOUNE 16306 ALGER;ALGER;Algerie;021 94 53 42;021 94 53 42;WWW.NATURETANCHE.COM;;;
PROFILSAN PRODUCTION;HA I OULED BRAHIM N°892 HAMADI;ALGER;Algerie;;;;;;
SARL GIPAR;BP,381 zone industrielle route de m4sila bba;BORDJ-BOU-ARRERIDJ;Algerie;035/87/32/36-37;035/87/32/39;mea_mecheri@yahoo.fr;;;
SARL MARCINE PLOMBERIE;EL HAMIZ 04 LOCAL 113 DAR EL BEIDA ALGER;ALGER;Algerie;661384101;023 85 60 98;russ85@hotmail.com;;;
SARL ABEPLAST;Z D BEN DHAANOUN LOT 4 N 402 KHEMIS EL KHECHNA;BOUMERDES;Algerie;024 97 61 78;024 97 61 79;abeplast@gmail.com;;;
SARL ARES BUILDING;16 RUE FABRI FAMILLIAL CITE POINT DU JOUR;ORAN;Algerie;41828004;;;;;
SARL BMSAS ELBI;10 , RUE HAMIDI SAID - BIRKHADEM ALGER;ALGER;Algerie;021 35 47 20;021.35.33.34;info@bms-electric.com/marketing@bms-electric.com;www.bms-electric.com;;
SARL CARF NEGOCE;RN 74 TIMERMEZ SEDDOUK BEJAIA;BEJAIA;Algerie;034.89.31.98;034.89.35.02;sarlcarf@yahoo.fr/m.chikhoune@carfgroupe.com;;;
SARLCGMSG;ZACW 127 SOR EL GHOZLANE;BOUIRA;Algerie;026 76 31 31;026 76 31 22;LOUNISCGMSG@GMAIL.COM;;;
SARL CTS;ZEA MEZLOUG W.SETIF;SETIF;Algerie;036 74 61 20/0661 35 17 06 ;036 74 61 23;cts_chibane@yahoo.fr;;;
SARL DECO CRYSTAL COMMERCEETINDUSTRIE;13 RUE ES ECOLES ZAABANA;BLIDA;Algerie;;;;;;
SARL EXIM ENERGIE COMPAGNIE;CITE 1100 LOGTS BT 83 N 03 DAR EL BEIDA;ALGER;Algerie;021 75 51 39;021 75 51 33;;;;
SARL FGBB CUM;LOT DES JEUN AVEUGLE N 54 DRARIA;ALGER;Algerie;;;;;;
SARL GREA TANA TOLIA BOYA;CITE SERAIJIA COMMUNE DE MEFTAH;BLIDA;Algerie ;;;commercial.anatoliaboya@gmail.com;;;
SARL IZOTHERMEL DJAZAIR;02 RUE MOHAMED BOUDIAF CHERAGA ALGER;ALGER;Algerie;021 34 31 01;021 34 31 01;commercial.izoitherm@gmail.com;;;
SARL JANA TRADING;137 AVENU ALI KHOUDJA N 09 EL BIAR;ALGER;Algerie;;;;;;
SARL METRO ELEVA TOR;BUREAU 0 36 ROUTE NATIONALE LOT N°03 DELY BRAHIM ALGER;ALGER;Algerie;023 31 21 21 /023.31.22.21 ;023 31 20 20 ;;;;
SARL MOD PUB CONSTRUCTION;VILLA 114SIDI MBAREK ROUTE DE AIN NAADJA BIRKHADEMM ALGER;ALGER;Algerie;023 56 15 34/0540.40.89.52/53 ;023 56 15 34 ;mod_pub@hotmail.com;;;
SARL NOUR AUTOMTION;HA I MIHOUB 01 LOT 248 BIS BARAKI-ALGER;ALGER;Algerie ;;;derection@nourautomation.com;;;
SARL PROCLIM;10 RUE MOHAMED DJAGHROUD - 25000 CONSTANTINE;CONSTANTINE;Algerie;031 91 26 26/0770 90 76 12 ;031 92 38 58 ;faiza.benmici@proclim.dz contact@proclim.dz;;;
SARL SFMOMOUSSAOUI;BP 61F ECHANGEUR NORD 09400 W BLIDA;BLIDA;Algerie;025.28.39.12/025.28.39.13;025.28.39.14;grc@pro-dist.com;;;
SARL TPL FABRICATIONDEBOULON;ZONE D ACTIVITE OUAZITEN;ELOUED;Algerie;;;;;;
SARL ZHORALIPLAST;COO IMM EL AMEL ALGER PLAGE;ALGER;Algerie;23857152;23857152;;;;
SNC GLOBAL A BRA SIFS /ZEGHLIET CIE;HA I MOUATSSA N 08 ROUIBA ALGER;ALGER;Algerie;023 86 03 82;023 86 05 55;;;;
SODIMEL SPA;57 RUE MOHAMED KHEMISTI DAR EL BEIDA;ALGER;Algerie;023.82.31.18/023.82.31.21;023.82.31.19;sodimel.spa@gmail.com;;;
2     M INDUSTRIES;RESIDENCE GIMMO JMMEUBLE BT N°3 -BAB EZZOUAR -ALGER;ALGER;Algerie;023.88.46.43/44/45 ;;faycal@2mindustries.com;;;
3ELECSARL;42 RUE BAGHRICHE MOSTAFA 250000 CONSTANTINE;CONSTANTINE;Algerie;0770 95 69 94 031 93 31634;;;WWW.3ELEC-ASCENSEURS.COM;;
ACCESS INDUSTRIE;ROUTE NATIONALE N°05 VILLA N°03 CINQ MAISONS EL MOHAMMADIA ALGER;ALGER;Algerie;021.52.86.11-12;021.52.35.84;;;;
ADARA ROTO;55.CITE BENSALAH OUED EL ALLEIG W.BLIDA;BLIDA;Algerie;025 26 49 49;025 26 49 16;adara@adarasarl.com;;;
AFITEXALGERIE SPA;Cite les Castors Villa N° 41 Bordj - El Kiffan - ALGER;ALGER;Algerie;0 21 39 70/021 21 19 59 ;021 21 39 70/021 21 19 59;said.tabti@afitexalgerie.com / soraya.tas@afitexalgerie.com ;www.afitexalgerie.com;;M.KHELIFI 0661.92.96.72/ M.SELLALI MOHAMED 0661.92.96.99 /M.CHERIFI FARID 0770.26.26.15
AFRO QUARTZ;RESIDENCE EL SAHEL Bt N°9 VITE 08 MAI 45 BAB EZZOUAR ALGER;ALGER;Algerie;023 81 15 36;023 81 15 36;afroquartz@gmail.com;;;
AKSA GENERATEURSALGERIEEURL;Z.l OUED SMAR LOT 55 EL HARRACHE;ALGER;Algerie;0555 01 27 07 ;023 92 06 59;contact@aksa-dz.com/hkhalfi@aksa-dz.com;;;
ALFO IMPORT-EXPORT;CITE ABNAA CHOUHADA LOT N° 90 3e ETAGE DAR ELBA I DA;ALGER;Algerie;021.75.59.37-0559.16.17.15;;alsahin54300@hotmail.com;;;
ALGERIA LIFTSEQUIPEMENTSARL;GROUPE DE PROPRIETE 16 SECTION 32 ZAOUIA BENI TAMOU 09024 W.BLIDA;BLIDA;Algerie;025.318.914/0560.999.012;025.318.411;INFO@GLE-LIFTS-ALGERIA.COM;;;
ALGERIANQA TARISTEEL-AQS-;ZONE INDUSTRIELLE BELLARA EL MILIA W.JIJEL;JIJEL;Algerie;034.46.50.12;034.46.50.10;dg@aqs.dz;;;
ALIOUA ALUEURL;LOT N° 15 75 FIGUIER BOUMERDES;ALGER;Algerie;0770 35 51 90 024 97 60 45;;;www.cipal.dz.com;;
ALMOPROSARL;CITE BANANIER BIS BT 07 C LOCAL N° 2 MOHAMMADIA;ALGER;Algerie;021.89.76.94/0560.04.32.63;021.89.76.94;ker.belle.cuisine@gmail.com;;;
ALS SILICONE;DOMAINE MIMOUNI N°19 BORDJ EL KIFFAN ALGER;ALGER;Algerie;0550.54.30.93;;;;;
ALTITUDE SAFETY SARL;BEN MERAD LOT N° 03 GROUPE 230 BORDJ EL KIFFAN ALGER;ALGER;Algerie;0550 59 25 75 ;;bouzid.m@alpiniste-industrie.com;;;
ALUMIDI PLUS EURL;HA I DRIMET LOT N° 01 SID MOUSSA ALGER;ALGER;Algerie;023 41 72 78;023 41 72 78;alumidi2019@gmail.com;;;
AMMOUR CONSTRUCTION BOIS;6 CITE MOULOUD SIDI AEK BLIDA;BLIDA;Algerie;025 24 63 18;025 24 63 20;info@ammour.com;;;
ANIREF;13, RUE MUSTAPHA SAYED EL OUALI (EX DEBUSSY) ALGER;ALGER;Algerie;023 49 07 29;023 49 07 09;;;;
ARROUS FA WZIETE;CITE COMMUNALE GROUPE 01 N°07 DAR EL BE I DA ALGER;ALGER;Algerie;0770.52.69.56/0770.113.721;;;;;
ASSLY TOOLS SARL;12 SNTP EST N° 05 EL HAMIZ DAR EL BE I DA ALGER;ALGER;Algerie;0561 64 68 06 ;023 85 96 22;;;;
ATET DESIGN SARL;ROUTE DE CHEBLI SECTION N°09 W BLIDA;BLIDA;Algerie;0661.89.01.06/0661.89.01.07;;INFO@ATEDESIGN.COM;;;
Amenagement Maison ETMagasins;ROUTE NATIONAL N° 19 ZONE 10 CHETTIA WILAYA DE CHLEF;CHLEF;Algerie;;;;;;
BANQUENA TIONALE D'ALGERIE;08 AMMAR MEKKID HUSSEIN DEY ALGER;ALGER;Algerie;023.77.20.08;023.77.20.18;smailchalel@hotmail.com;;;
BA 77 VOA HYDRA ULIQUE SARL;21       RUE BENDROUA AEK ES-SEDIKIA W.ORAN;ORAN;Algerie;0550.52.00.81;041.82.86.31;BET.HOCINE@YAHOO.FR;;;
BA TICOMPOS;ZONE DES PARC 10001 BOUIRA;BOUIRA;Algerie;026.93.57.07/026.93.00.06;026.93.00.07;up2- bairia@hotmail.com;;;
BATP& INDUSTRIES;CITE AIN ALLAH BT 309 N°4 -DELY BRAHIM;ALGER;Algerie;021.36.66.12;21         30 93 38;GESTION.BATPINDUSTRIE@GMAIL.COM;;;
BCERAMSARL;ZONE D'ACTIVITE MALMA 1 SECTION 23 GUIJEL SETIF ALGERIE;SETIF;Algerie;0550 09 97 06 ;036 62 55 55;bouhadra@sarlbceram .com;;;
BENCHERCHA LIFRERES SNC;ZONE ATLAS N°36 BENI TAMOU W.BLIDA;BLIDA;Algerie;025.20.01.01;025.27.02.02;;;;
BENKHELIFA ETFILSETS;12.ZONE BEN OUMNECHE KOUBA SIEGE SOCIAL ZONE INDUSTRIELLE DAR EL BEIDA ALGER;ALGER;Algerie;023 83 33 95/96/ 97 ;023 83 33 95/69/97 ;grillagegabion@hotmail.com;;;
BERGERA TMONNOYEUR ALGERIE SPA;121 ZONE INDUSTRIELLE OUED SMAR ROUTE DE DAR EL BEIDA ALGER;ALGER;Algerie;023 93 01 87/0770.555.556 ;023 93 02 07 ;nsedik@bm-a.com;;;
BETZERARGA HOCINE;CITE 604 LOTS T4 03LES VERGERS BIR MORAD RAIS;ALGER;Algerie;0560.33.73.53/13/0555.62.15.56 ;023 36 22 99/021 44 54 54 ;fed@betzerarga.com;;;
BETTICHE INOX;CITE RESIDENCE DE LA PAIX N 02 REGHAIA;ALGER;Algerie;;;;;;
BIG METAL PROFILAGE;CITE OULED BRAHIM LOT HAMADI W.BOUMERDES;BOUMERDES;Algerie;0561.62.83.10/11/12;;BIGMETALPROFILAGE@GMAIL.COM;;;
BINAMA SARL;TOUR ABC PINS MARITIMES EL MOHAMMADIA ALGER;ALGER;Algerie;021 89 12 30;021 89 12 34;m.gueriane@binama.dz;;;
BOULABE OUTILLAGE;LOT 222 -223 CITE LES ORANGERS EL HAMIZ ALGER;ALGER;Algerie;021.87.85.14;021.87.83.79/021.87.85.52 i;nfo @boulabe .com;;;
BOUNEFIKHA ABDENOUR;42 A HAOUCHE MASCARO ROUTE NATIONALE N°05 EL HAMIZ DAR EL BEIDA ALGER;ALGER;Algerie;0550.05.96.12/0661.53.94.92 ;;boun_samir@yahoo.fr;;;
BOYSANSARL;HASSI LABIOD N° 202 SECTION 15 SIDI CHAHMI ORAN;ORAN;Algerie;0555.999.495/0561.656.026 ;;SARLBOYSAN@GMAIL.COM;www.dekor-boya.com;;
BTMINSTRUMENS;TAGUEMOUT-AZOUZ -CO AIT MAHMOUD -DAIRA BENI DOUALA;TIZI-OUZOU;Algerie;0540 49 46 33;;;;;
BUREAU D'AFFAIRES BRICHI;BOUMERDES;BOUMERDES;Algerie;024-91-41-91;024-91-41-91;INFO@ICRB.ME;;;
CAISSEDEGARANTIEDES MARCHES PUBLICS;46 RUE DES FRERES BOUADDON BIR MOURAD RAIS;ALGER;Algerie;023.56.91.87;023.56.91.96;cgmp.siege@egmp.dz;;;
CAISSE NATIONALE DES ASSURANCES SOCIALES DES TRA VAILLEURS SALARIES - CNAS;ROUTE DES DEUX BASSINS - BEN AKNOUN - BP 63 ALGER;ALGER;Algerie;021 91 16 66;;ZAHAFAMANE@GMAIL.COM;;;
CASH ASSURANCES;135 BOULEVARD DES MARTYRS .;ALGER;Algerie;021.87.47.16-20 ;021.27.47.19-20 ;s.benkrid@ cash-assurances.dz;;;
CERAM COLLE DEHAK 8 CIESNC;ROUTE NATIONALE 05 ZEBOUDJA BOUIRA;BOUIRA;Algerie;0550 22 20 26/0791 39 23 52;;;;;
CEVIELECSPA;COOP EL NAHDHA VILLA N 40 BIR KHADEM;ALGER;Algerie;021.44.61.06;021.44.61.06;;;;
CHIALI TRADING;VOIE Z.l N°144 N°01 SIDI BEL ABBES;SIDI-BEL-ABBES;Algerie;048.70.31.11;048.70.32.90;;;;
CIAMALGERIE SPA;DESSERTE N°6 ZONE INDUSTRIELLE ROUTE DE CHETOUANE W.TLEMCEN;TLEMCEN;Algerie;043.56.76.53;;INFO@CIAMALGERIE.COM;;;
CNEPBANQUE;61 BOULEVARD SOUIDANI BOUDJEMAA CHERAGA ALGER;ALGER;Algerie;023.36.61.24;023.36.61.31;INFO@CNEPBANQUE.DZ;www.cnepbanque.dz;;
COCOMSARL;5 RUE EL HARTOUNE PEPINIERE TLEMCEN 13000 ALGERIE;TLEMCEN;Algerie;0561 50 79 68 ;043-27-10-39;COCOMSARL@HOTMAIL.COM;;;
COLPA SPA;RN N°5 ZONE INDUSTRIELLE ROUIBA HAOUCH SBAAT NORD N°101 SECTION 7 LOT N°47 ZONE B ALGER 1642;ALGER;Algerie;023.86.44.00/11;023.86.43.00;belcol@entreprises-dz.com;;;
COMPAGNIEALGERIENNEDES ASSURANCES (CAA T);52.AVENUE FRERES BOUADOU BIR MOURAD RAIS-ALGER;ALGER;Algerie;023.56.93.24/33;023.56.13.84;info@caat.dz/ sdc.caat@gmail.com;;;
COSHIDA SARL;68 RUE MOHAMED KHMISTI DAR EL BE I DA ALGER;ALGER;Algerie;0560 98 16 02 ;023 74 85 99 ;info@sarlcoshida.com;;;
COSIDER GROUPE SPA;SITE SIDER 07 CHEMIN DU PARADOU HYDRA;ALGER;Algerie;023.53.41.49-0661.11.41.30;023.53.42.57;groupe@cosider_groupe.dz/ dagcosider@gmail.com www.cosider-groupe.dz;;;
CREDIT POPULA IRE D’AL GERIE CPA;02 BD COLONEL AMIROUCHE ALGER;ALGER;Algerie;023.50.82.87;023.50.83.01;cpadmc@epa-bank.dz;;;
CRISTAL ALUMINUMSNC;Z D ARU EL BEY N 45 A ALI MENDJEL;CONSTANTINE;Algerie;0560.55.10.07/0550.51.34.10;031.75.11.94;s.tedjni@beckeun-algerie.com;;;
DECOHOME SARL;QUARTER KOUTITENE;MEDEA;Algerie;05 50 98 58 01 ;025 78 81 99 ;snc.sakhri@yahoo.fr;;;
DHDDIAMANT;Cite Krim Belkacam Lot N°04 n° 16 ,16033 Dar El Baida Alger;ALGER;Algerie;023.81.66.38;023.81.66.38;contact@dhd-diamant.dz;;;
DIFCARRELAGE;N°2 LOTISSEMENT KHETIAT TADJNANET W.MILA;MILA;Algerie;031.53.24.74/0661.33.82.71;031.53.24.74;eurl-dif-carrelage@hotmail.fr;;;
DISTRIOUTILS ETEQUIPMENTS SARL;LOT N : 144 SAIDI AHMED ALGER B.E.K;ALGER;Algerie;0561.64.44.66 023/97/44/47 ;023.97.44.46;;;;
DISTRIBUTION PERKINS ALGERIE;CITE SEMMAR BENYOUCEF 20LOG LOCAL N 01 KHEMISTI BOUSMAIL;TIPAZA;Algerie;023 32 09 49/50 ;;n.gourad@perkins-algerie.com;;;
ECO FERMETURES;11 RUE DES FRERES KARA 06000 W.BEJAIA;BEJAIA;Algerie;034 841 233 /34 ;34841200;KADA@ECOFERMETURES-DZ.COM;;;
ECRANSTAR PLUS KEDDOURISID ALI;CITE ENNAHAR N° 18 CHIFFA BLIDA;BLIDA;Algerie;0561 70 66 72;;ECRANSTARPLUS@GMAIL.COM;;;
EE FORCE;182 COOP. El MARSA LIDO -MOHAMMADIA-;ALGER;Algerie;023 80 42 72;023 80 42 76;eeforcedz@yahoo.fr;;;
EGTMMAISSA TMOHAMED;ROUTE DE KHARROUBA BOUDOUAOU;BOUMERDES;Algerie;024.84.47.87/0661.52.85.19 ;024.84.47.67 ;egtmm.aissat @yahoo.-;;;
EL HIDAB MOULDINGPLASTIQUE;Ik N 5 MEZLOUG;SETIF;Algerie;;;;;;
ENA SC SPA /ENTREPRISE NATIONALE DASCENSEURS;86 D , RUE HASSIBA BEN BOUALI;ALGER;Algerie;021 66 75 23/021 66 78 36/021.66.378.43;021.66.82.50;stc_enasc@hotmail.fr;;;
ENIS YAPISARL;COOP IMMO EL OUNS 38 BABA HASSAN ALGER;ALGER;Algerie;0542 68 94 00;;;;;
ENMTP ENTREPRISE NA TIONA L E DES MA TERIEL S DE TRA VA UX PUBL ICS;ZONE INDUSTRIELLE AIN SMARA BP 67 CONSTANTINE;CONSTANTINE;Algerie;031.97.34.94/031 97 34 12 ;031.97.34 94;divcom@enmtp.com/UMDES@ENMTP .COM;;;
ENTECSARL;3         CITE ABD EL HAFID BOUSSOUF 2emeTRANCHE CONSTANTINE;CONSTANTINE;Algerie;031.60.13.70;031.60.13.78;contact@entec-dz.com;;;
ENTREPRISE DE VIA BIL ISA TION DE SIDIMOUSSA;ROUTE DE DAR EL BEIDA SIDI MOUSSA BP N° 13 ALGER;ALGER;Algerie;023 90 01 18;;COMMUNICATIONN@EVSM-DZ.COM;;;
ENTREPRISE NATIONALE DES APPAREILLS MESURE ET DE CONTROLE;BP 248 ROUTE DE DJEMILA EL EULMA SETIF;SETIF;Algerie;036.76 10 56;036.76 11 47;saadi-tay@yahoo.fr;;;
"ENTREPRISENA TIONALEDES PEINTURES TAMP""";BP 78 ROUTE NATIONALE N°05 10002 LAKHDARIA W.BOUIRA;ALGER;Algerie;0770 70 22 90 ;023-93-95-55;ENAP.UPA3@GMAIL.COM  /  UPA@ENAP.DZ;;;
ENTREPRISE NA TIONALE DU MARBRE;228 BP ZONE INDUSTRIELLE HAMADI;SKIKDA;Algerie;0660.377.009/0660.73.25.33/038 93 55 62 ;038.93.56.42038 93 55 62/61 ;sofiane-16@live.com;;;
EPEALRIMSPA;Zone Industriel D'Oud Samar 16270 Alger;ALGER;Algerie;23         93 57 96;23         93 59 05;dg.alrim@alrim-dz.com;;;
EPE SIDER EL HADJAR SPA;COMPLEXE SIDERURGIE D'EL-ADJAR BP 2055 SIDIAMAR W.ANNABA;ANNABA;Algerie;038.98.20.23;;SOUHEILA.KHELLAF@ALSOLB.COM;;;
ETABUSSEMENT RSL FMCM;CITE MICHARY SI MUSTAPHA BOUMERDES;BOUMERDES;Algerie;05550 28 40 09;;;;;
ETA BLISSEMNT DE L 'HYDROLIQUE ETTRAVA UX PUBL ICS ETB ZINE;71 CHEMQIN DES; M'S I LA ;Algerie;0550 80 56 04/0792 17 26 85 ;035 35 70 14;ZINEABDERRAHMEN@GMAIL.COM;;;
ETPKESKASL YAMINE- ELECTRABEL-;CITE 100 LGTS LES TOURS BT 2 N 49;SETIF;Algerie;;;;;;
ETS TERBAHHOCINE;CITE SNTPDAR EL BE I DA ALGER;ALGER;Algerie;0213 661 85 16 33;; hocine.terbah@htelectric.dz;;;
EURL EVAKIA;ALISADEKB.E.K ALGER;ALGER;Algerie;0660-00-47-16;;;;;
EURL GENIE HYDRA ULIQUE ETCLIMA TIQUE;LOT N°13 GROUPE E CAMPS DAR EL BE I DA ALGER;ALGER;Algerie;0661.70.49.63;0982.50.22.42;compta@ghc-algerie.com;;;
EURL K.S.A.F ELECTRIC;CITE FORESTER M'SILA;M'S I LA;Algerie;035.36.05.03/035.36.08.72;035.36.06.94;alikasafelec@yahoo.fr;;;
EURL SOUDETOLE;LOT 63.64 ZONE INDUSTRIELLE NACIRIA BOUMERDES;BOUMERDES;Algerie;024.77.08.18;024.77.08.18;soudetole@yahoo.fr;;;
EURL 3MTP;VILLA 60 RUE DJENANE BENBANOUN HUSSEIN DEY ALGER;ALGER;Algerie;023.71.80.67/0661.23.23.32 ;021 23 14 14 ;hm.3mtp@yahoo.fr;;;
EURL ACIIALGIMMO;AIN NAADJA 10 74 LOGEMENTS BT 02 N 11 GUE DE COANSTANTINE;ALGER;Algerie;23480484;23480484;;;;
EURL AK COLD;286 BD COLONEL BOUGARA EL-BIAR ALGER;ALGER;Algerie;023.806.823;023.806.823;AKCOLDEURL@GMAIL.COM;;;
EURL AKROUFRIADH;41 BOUMERGUED RN N°05 BORDJ BOU ARRERIDJ;BORDJ-BOU-ARRERIDJ;Algerie;0555.03.03.50/0555.02.09.65;;;;;
EURL ALGERIEFRIGOCAR;CENTRE ALI BOUHADJA BABA ALI BIR TOUTA -ALGER-;ALGER;Algerie;0555.20.21.21/0555.57.46.01;021.44.47.85;frigocardz@gmail.com;;;
EURL AMMARFORNAKA TPG;SECTION 06LOT N° 14 FORNAKA ;MOSTAGANEM;Algerie;0661 68 31 44;;;;;
EURL ARTALMOTAHEDA ALAQARIA;N°88 LOTISSEMENT C DRARIA ALGER;ALGER;Algerie;0542.72.73.40 ;;almotahedaalaqaria@gmail.com;;;
EURL A TTOUCHE DECORS;VILLAGE HEDDOUDA CNE MAKOUDA TIZI OUZOU;TIZI-OUZOU;Algerie;026 20 00 27;026.20 00 07;contact@attouche .decors;;;
EURL BA YTIMOD;GROUPE PROPRIETE 29 SECTION 07 BENHAMDANI BOUFARIK W.BLIDA;BLIDA;Algerie;05561.31.22.85 025 29 39 89 ;;baytimod@gmail.com;;;
EURL BESSA PROMOTION;178 LOT BOUSHAKI BAB EZZOUAR;ALGER;Algerie;023/28/38/63/64/65/0561/69/67/37/0560/026/026;023/28/38/68;contact@bessapromotion .com;;;
EURL BEY REPRESENT A TION;RESIDENCE EL SAFSAF, 1200 GROUPE 06 N°02 DAR EL BEIDA ALGER;ALGER;Algerie;023 92 45 23;023 92 45 25;bey.bureau@yahoo.fr;;;
EURL BIETMIPLUS;LOTI NAIMI ZABANA 3 EME ETAGE;BLIDA;Algerie;025 33 35 10;025 33 35 10;;;;
EURL BOUKACEMMOHAMED;DIVISION ABOUDI N° 02 BP 85 - BLIDA;BLIDA;Algerie;023.22.02.82/22.00.65 ;023..22.02.83 ;eurl.boukacem@gmail.com;;;
EURL BRICA DECO;PONCITE BAROUDI MED OULED MOUSSA ALGER;ALGER;Algerie;0770.76.79.71;;BRICADECO@GMAIL.COM;;;
EURL BRIMA TEC;EL DJORF CNE DERRADJ W.M'SILA;M'S I LA;Algerie;035.39.84.28;035.39.84.30;BRIMATEC2010@GMAIL.COM;;;
EURL BRIQUETERIEHADDAG;LOCAL N°1 1 er ETAGE IMMEUBLE ANGELUS ROUTE DE BOUBROUNE AZAZGA W.TIZI-OUZOU;TIZI-OUZOU;Algerie;0542.10.87.03/0542.67.07.20;026.14.67.64;;;;
EURL CARL WORLD;02 CENTRE BOUAGUEB BP AB 61 BOUFARIK;BLIDA;Algerie;025.28.97.09/95;025.28.97.23;;;;
EURL CGFAIRMECALGERIE;LOT ARACY ROUTE DE L'HOPITAL HAMMAMET;ALGER;Algerie;021.95.80.36/021.95.91.68;021.95.80.36;airmec_algerie@yahoo.fr;;;
EURL CHAUKAS;BT 7 RUE YAKOUBI AMER B.BA.;BORDJ-BOU-ARRERIDJ;Algerie;0556.27.76.50;035.69.85.11;zaouia85@gmail.com;;;
EURL CIOMEX GROUPE;TIZIOUZOU;TIZI-OUZOU;Algerie;0560.04.92.80;026.11.25.89;ciomex.vernat@gmail-com;;;
EURL COPSEC;4          CHEMIN N°61 BOUROUBA ALGER;ALGER;Algerie;0770 34 51 48 /0560 92 46 39;; eurlcopsec@gmail.com;;;
EURL DECO PAINTFABRICA TION;SBAAT N°70 LOCAL 02 ROUIBA ALGER;ALGER;Algerie;0556.60.37.82;;DIDOPEINTURESDZ@GMAIL.COM;;;
EURL DIGITAL MEGA STORE;60 RUE CHEIKH BOUAMAMA16051 EL HARRACHE ALGER;ALGER;Algerie;021.24.63.49;021 86 64 37;contact@dms-equipement.com/eurl.dmstore@gmail.com;;;
EURL DIMA-FRO ID;07 ROUTE DE TAXLENT N'GAOUS;BATNA;Algerie;033.88.85.13;033.88.70.92;contact@dimafoid-dz.com;;;
EURLDOMODZ;320 LOGTS ROUTE LES DUNES BT 12B 01 N°864CHERAGA 16000 ALGER;ALGER;Algerie;023.222.868;023.222.868;zakaria.bereksi@live.fr;;;
EURL DZ PROMO;LOTISEMENT COLONEL AMIROUCHE N°01 DOUAOUDA VILLE TIPAZA;TIPAZA;Algerie;024.30.82.05;024.30.82.05;CONTACT@DZPROMO.NET;;;
EURL ELECTROGENSET;CITE CHERIFI EST N°52 CHLEF;CHLEF;Algerie;0554 38 62 60/0560 93 70 70; 027 79 71 89;electrogeneset@hotmail.com;;;
EURL FAIZBOULONNERIEINDUSTRIELLE;HA I EL HAMIZ 03 LOT N°09 DAR EL BEIDA;ALGER;Algerie;023.865.555/023.86.55.55;023.86.54.56;fbi.algerie@hotmail.com;;;
EURL FARISSIA BTP;ZONE D'ACTIVITE 29 N° 03 ZERALDA . ALGER;ALGER;Algerie;021.45.21.68;021.45.21.64;farissiabtp@yahoo.fr;;;
EURL FA YALIFT;9 RUE ABDALLAH FERRAOUI LES PIN MARITIMES MOHAMMADIA 16058 ALGER;ALGER;Algerie;021 210 427/0770 67 93 34 ;021 21 04 27;contact@faylift.com/gen. manager@fayalift.com;;;
EURL FID;ZONE D'ACTIVITE 1 TRANCHE SETIF;SETIF;Algerie;023 84 21 87;023 84 22 10;f.mouloudi@fidsoudage-dz.com;;;
EURL GECODA RIMMOBILIER;RUE F LOT 493 SAFSAFA GUE DE CONSTANTINE;ALGER;Algerie;0550.74.08.27;;GECODAR.IMMOGMAIL.COM;;;
EURL GEDAC;Hamiz 04 spe 04 lot 11 Dar El Baida Alger;ALGER;Algerie;023.85.61.46;023.85.61.46;contact@gedac.com;;;
EURL GENERAL PROFILE;LOT 106 CLASSE N°07 DOMAINE KAIDI BORDJ EL KIFFAN ALGER;ALGER;Algerie;0550.90.32.43/023.94.26.27;023.94.25.26;info@generalprofile.com/commercial@generalprofile.com;;;
EURL GRILLAGE LUX;ROUTE DE MS I LA MECHTA FATIMA EL HAMADIA;BORDJ-BOU-ARRERIDJ;Algerie;0560 99 57 67/0557 33 52 25 ;;eurlgrillagelux@yahoo.com;;;
EURL HOSNA KAMEL;COOPERATIVE EL OUAHAT N°7, RUE DU 1er NOVEMBRE 1954 EL-EULMA 19600, W.SETIF;SETIF;Algerie;036 86 53 50/0555 71 97 07/0662.30.91.57 ;036 87 45 50;hosna_kamel @yahoo.fr/hosna.commercial@gmail.com;;;
EURL GUETTHERMIQUE;36 OUED HAMIMINE EL KHAROUB;CONSTANTINE;Algerie ;031.95.53.55;021.95.52.22;;;;
EURL HADDAD EQUIPEMENT PROFESSIONAL;D6 CITE DU LYCEE - ROUIBA 16072;ALGER;Algerie;021-85-49-05/0554.51.23.23;021-85-57-72;heprouiba@hotmail.com;;;
EURL HOUSE HE A T;CITE ENNASSIM ROUTE DE BATNA 5K M 01 LOCAL A;ALGER;Algerie;031 95 53 55;031 95 53 55;;;;
EURL HYDRO FLAMME;SNTPS EST GROUPE A N°10 EL HAMIZ DAR EL BEIDA ALGER;ALGER;Algerie;;;;;;
EURL INARA ASSURANCE;LOT 175 AISAT IDIR CHERAGA ALGER   ;ALGER;Algerie;661110000;023 30 10 57;REGAINA.S@GMAIL.COM;;;
EURL INVEST INOX;COOPERATIVE ENASR LOT N°95 KOUBA ALGER;ALGER;Algerie;023 45 08 90/91;021.45.08.87;contact@investinox.com;;;
EURL JETFLAIRPEINTURES IMPORT/EXPORT;CITE DES FRERES BORNI CHELGHOUM LAID W.MILA;MILA;Algerie;034.41.61.14;031.41.61.61.14;JETFLAIR.PEINTURES@GMAIL.COM;;;
EURL JOKER EQUIPEMENTS;MICRO ZONE INDUSTRIELLE N°27 DAR EL BEIDA ALGER;ALGER;Algerie;023.748.455;023.748.461;beggahmohamed@gmail.com;;;
EURL KRIBIMESSAOUD;GROUPE 72 SECTION 20 DELY-BRAHIM ALGER;ALGER;Algerie;0667.92.28.87;;;;;
EURL LAMRAOUISAID;N°100 ZONE DACTIVITE ET STOCKAGE KECHIDA - BATNA;BATNA;Algerie;33         22 52 96;33         22 52 98;saidlamraoui_eurl@hotmail.com/lamraouiman utention@yahoo.fr;;;
EURL LOGISTIBA T;CHEMIN DE LA GARE IGHZER AMOKRANE SHOWROOM IMMEUBLE KASSA BOUBEKEUR 22 ROUTE DE SIOI AHMED;BEJAIA;Algerie;034.17.51.04/034.17.51.39;034.17.51.04/034.17.51.39;logistibat@logistibat.com;www.logistibat.com;;
EURL MMAL;CAMPOS GR D LOT N°13 D.E.B ALGER;ALGER;Algerie;0560.21.73.83/0770.96.19.71/0560.20.51.97 ;;contact@mosaiquesdelux.com;;;
EURL MADERA ROBLE;Z.l RUE DES AURES;BEJAIA;Algerie ;;;marketing@mortero-dz.com;;;
EURL MAGHREBPANNEAUXSANDWICH;RUE DE 1 er NOVEMBRE ZAOUIA BENI TAMOU W.BLIDA;BLIDA;Algerie;025.31.70.27;025.31.70.30;eurlmps@gmail.com;;;
EURL MA YSAR CONSTRUCTION;32 RUE BORDEAU ALGERCENTRE ALGER;ALGER;Algerie;0560.88.29.33 ;;yemmi.medzaki@mail.com;;;
EURL MEDIFAOUZ;28, RUE BOUNATIROU DJELLOUL KOLEA W.TIPAZA;TIPAZA;Algerie;0555.04.57.86/89/024.38.97.00;024.38.50.01;medifaouz@gmail.com;;;
EURL MODHICHE IMP/EXP;CITE DE L'AVENIR RUE ZERHOUNI HOCINE SETIF;SETIF;Algerie;036.62.62.67;036.63.54.96;eurlmodhiche@yahoo.fr;;;
EURL MSB A T;11C CITE DES FRERES ZEDRI 09000 BLIDA;BLIDA;Algerie;025 32 41 04;025 35 41 02;contact@ms-bat.com;;;
EURL NFIDSA SIT;LOT N°37 BOUDEROUA COMMUNE OUED FRAGHA;GUELMA;Algerie;0660368107/0675794807;37122189;etsnfidsa@yahoo.fr;;;
EURL NUMIDIA ASSISTANCEETFOURNITUREINDUSTRIELLE;CITE EL ZHOR N°12 LOC N01 AIN SMARA 25140 CONSTANTINE;CONSTANTINE;Algerie;031 97 46 23;031 97 46 23;sarlnafi@gmail.com;;;
EURL OUTIL CROSSE;CITE 1262 LOGEMENTS DAR EL BE I DA ALGER;ALGER;Algerie;023.83 32 54;023.833.252;outilcrosse2016.alger@gmail.com;;;
EURL PROMO IMMO BA TOULHADJ;ROUTE N 41 RESIDENCE LE PLATEAU ILOT DE PROPRIETE N 982 CESSION 02 LOT 418424;ALGER;Algerie;023 36 10 75;023 36 10 75;;;;
EURL RAK TECH;COOP EL MOUTADAMINOUN EL EULMA;SETIF;Algerie;;;;;;
EURL ROUMANICOLOR;RUE MASKER ALI MOUZAIA BLIDA;BLIDA;Algerie;0550 49 73 58 ;025 44 50 31;stareurlrahmounicolor@yahoo.fr;;;
EURL SAM I SEC;CITE MOHAMMADIA BT25 N°547 - ALGER;ALGER;Algerie;023 72 15 50;023.72.12.22;samisec-groupe@yahoo.fr/info@sam isec.com;;;
EURL SEKCERAM;ZONE D'ACTIVITE 6eme TRANCHE LOT 48 W.SETIF;SETIF;Algerie;036.44.91.41/442/43;036.44.91.38;import.dg@sekceram.com;;;
EURL SETIF MAILLE DE SIGNAL ISA TION;23 BP 40 BIS AIN ARNAT W.SETIF;SETIF;Algerie;036.54.12.26;036.54.10.60;;;;
EURL SOCIETEZOUAOUITRAVAUX DE CONSTRUCTION;400 LOG COOP EL HOCINI CITE BENBEGUEG;SETIF;Algerie;0560 06 91 10 ;036 74 18 53 ;eurl_zouaoui@yahoo.fr;;;
EURL TECHAMPLUS;N° 14 RUE 20 AOUTTELEMCEN;TLEMCEN;Algerie;0550.16.72.79/043.43.47.79 ;043 43 47 79;;;;
EURL TIZIVITRANA;ZONE D'ACTIVITE LOT 109, DRAA BEN KHADDA W.TIZI OUZOU;TIZI-OUZOU;Algerie;0561.61.63.45/46/44;026.43.32.31;tizi.vitrana@hotmail.com;;;
EURL TMAC;RUE ARAFOU AKBOU;BEJAIA;Algerie;33          33 50 37;33          33 50 37;;;;
EURL TOPOCENTER;ZONE BOUHIRED COOP BADR, VILLA N°12 SOUIDANIA 16097 ALGER;ALGER;Algerie;023 27 87 11;023 27 87 11;info@topocenter-dz.com;;;
EURL TOUTBETONSYSTEM;LOT F 17 LA CARRIERE EL MARSA ALGER;ALGER;Algerie;0561 64 74 90/0560.65.64.18 ;023.95.74.47;contact@betonsystem-dz.com;;;
EURL TW IMPORT EXPORT;RUE DE SUD N 18 GDYEL;ORAN;Algerie;41287345;41287345;;;;
EURL UNIVERSAL FIL;50 RUE OULED BELHADJ SAOULA ALGER;ALGER;Algerie ;;;universal_fil@hotmail.mail;;;
EURLZERFA TRANSFORMATION DE METAUX;CITE BOUAKAZ FESDIS W.BATNA;BATNA;Algerie;0555.222.153;;;;;
EURL ZHONG YU;04 AID ALI BLIDA;BLIDA;Algerie;0561 969 47 87 ;025 49 07 55 ;aishym@hotmail.fr;;;
EUROWIN SARL;360 CITE TAHAR BOUCHET TIXERAINE BIRKHADEM ALGER;ALGER;Algerie;2,14E+11;;;;;
EXOSAFE EURL;ROUTE DE GASBAT N'GAOUS BATNA;BATNA;Algerie;033.88.71.23;033.88.71.23;contact@exo-safe.com;;;
EZZAHIRI EURL;CITE DES FRERES BENCHADI ROUTE DE CONSTANTINE;BATNA;Algerie;0770.94.18.41;033.80.20.58;eurlzahiri@yahoo.fr;;;
FRERES AMOURI IMPORT EXPORT SOFRAMIMEX SARL;HAI SIDI GHZEL ROUTE DE BATNAW.BISKRA;BISKRA;Algerie;033 74 12 48/021.81.96.37 ;033.74.12.46/021.81.96.37 ;sarl-soframimex@yahoo.fr;;;
GAEA CHINA CONSTRUCTION LIMITED COMPANY EURL;CITE AISSAT IDIR N°196 CHERAGA ALGER;ALGER;Algerie;0560 60 00 01;;;;;
GAINE ELECTRIQUE- MOHAMED HADJ;CITE 8 MA11945 MOHAMMADIA;MASCARA;Algerie;;;;;;
EURL IMMO MUL TISERVICING;RUE ALI BOUHADJA LOCAL F BIRTOUTA ALGER;ALGER;Algerie;0559.75.76.46/023.44.12.06;023.58.43.93;IMMO.MULTUSERVICING@YAHOO.COM;;;
GAMMITAL SARL;HA I BEN DANOUNE CLASSE 07 GP N°300 LOCALN°02KHEMIS KHECHNA W.BOUMERDES;BOUMERDES;Algerie;0770.33.19.00;;SARLGAMMITAL@GMAIL.COM;;;
GBPRO-PVC;CITE 50 LOTS PARTICPATIF PROJET BOUROUAG N° 04 BT CHELGHOUME LAID;BATNA;Algerie;552474855;;;;;
GEMAPRO SARL;DOMAINE TAMAK LOT N° 449 BIS EX ROUTE D EMEFTAH N° 95 BEAU LIEU;ALGER;Algerie;023 92 66 00 / 023 92 66 88; 023 92 69 13;toufik.mekouche@gemapro-dz.com   ; www.gemapro-dz.com;;
GIL DIVINDUS;PAVILLON 12 RESIDENCE LA BUTTE DES DEUX BASSINS OUAD-ROMANE;ALGER;Algerie;021 94 75 84-85 021 94 75 84-85;;;;;
GRANITEX NOUVEUX PRODUITS;ZONE INDUSTRIELLE OUED SMAR;ALGER;Algerie;021 5166 81/82 021 51 64 22/65 ;;amahleb@granitex.dz;;;
GROUPE RAHMANI;Zl ROUAG OULAD MANSOUR MS I LA;M'S I LA;Algerie;35         34 13 04;35         34 13 04;;;;
GROUPEAMARA ACER SARL;CITE DES MARTYRS BORDJ MENAIEL BOUMERDES;ALGER;Algerie;0560 47 31 28 ;024.88.78.67;rabah8049@yahoo.fr    /    contact@gaa-dz.com;;;
GROUPE BCR;Cite Bizar BP 37 Setif 19000;SETIF;Algerie;35         74 96 25;35         74 96 27;info@bcr.dz;;;
GROUPE BOUROUA G CONS TRUC TION;UV 18 CITE 169 LOGTS BT 03 NOUVELLE VILLE W.CONSTANTINE;CONSTANTINE;Algerie;031.86.61.99;;RYMA-CORPORATE@OUTLOOK.FR;;;
GROUPECONSEIL INTERNATIONAL CGISARL;11 LOT EL DJAZAIR VILLA N°29 LES VERGERS BIRKHADEM ALGER;ALGER;Algerie;0770.95.38.00;021.56.45.02;OVERSEASCGI;;;
GROUPE GEICA;7 RUE BELKACEM AMANI SITE SIDER CHALET N° 9 HYDRA ALGER;ALGER;Algerie;023 53 43 30;023 53 43 33;geica.communication@gmail.com/geica@geica.dz;;;
"GROUPE INDUSTRIEL DES CIMENTS DALGERIE ""GICA VCETIM";ROUTE DE DAR EL BEIDA MEFTAH W.BLIDA;BLIDA;Algerie;025.45.61.98;025.45.63.28;secretariat.dg@gica.dz;;;
GROUPE MECHICHEAUTO SARL;COMMUNE DE TELLA SETIF ALGERIE;ALGER;Algerie;0559 78 91 97; 036 64 90 90;;;;
GROUPE NECHMA;CITE OUEDFORCHA N°148 W.ANNABA;ANNABA;Algerie;0560.09.73.68;;INFO@NECHMA.COM;;;
HDM BUSINESS SARL;CITE NOURDDINE ADEL GROUPE Z N° 03 EL HAMIZ DAR EL BE I DA ALGER;ALGER;Algerie;0552 03 37 64 ;;hdm.business@yahoo.com;;;
HIDHAB LAM SARL;ZONE D'ACTIVITE SECTION 06 GROUPE 45 LOT N° 17 KASR EL ABTAL SETIF;SETIF;Algerie;0553 42 10 02 ;;sarlhidhabblamka@gmail.com;;;
HIGH TECH SECURITY;10RUE DE TRIPOLI HOSSEIN DEY;ALGER;Algerie;;;;;;
HIGHTPLASTEURL;ZONE D'ACTIVITE EL MADHER;BATNA;Algerie;0550 38 19 27 ;033 82 21 13;;;;
HILTICONSTRUCTION EQUIPEMENTS;14 LOT MAHIEDDINE SIDI HASSENE CHERAGA ALGER;ALGER;Algerie;023 36 05 99 / 0555 04 77 25 ;023 36 05 99 ;rima.mechrouk@hiltii.com;;;
HYDRO CANAL -GROUPE ET FILIAL ES;R N N°5 EL MOHAMMADIA;ALGER;Algerie;023 75 73 38;023 75 73 38;;;;
IMA PLUS;34 RUE ALI CHERIF KOUBA;ALGER;Algerie;023 78 14 54;023 78 14 54;;;;
INERGA SPA;ROUTE NATIONALE N°1 B.P. 104 - BOUFARIK - 09400;BLIDA;Algerie;025 28 37 41;025 28 37 41;amir28@hotmail.com;www.inerga_dz.com;;
INFRARAIL SPA;15 RUE COLONEL AMIROUCHE - ROUIBA -ALGER;ALGER;Algerie;023.89.41.60/023.89.41.67;023.89.41.59;infrarail_dtc@yahoo.com/am eursarah.dtc@gmail.com www.infrarail.dz;;;
INNOVA CERAMSARL;ZONE INDUSTRIELLE SETIF ALGERIE;SETIF;Algerie;+2013 36 62 52 89/ +213 36 62 53 53 ;+213 36 62 52 52;resp.design@innovaceram.com;;;
INTER PREFA SPA;Zl CHETOUANE DESSERT N° 03 TLEMCEN;TLEMCEN;Algerie;0213 43 27 87 93 ;213 43 27 87 93;MARKETING@GROUPEKHERBOUCHE.COM;;;
ISOCLIMSARL;CENTRE DES AFFAIRES OCIAZ BUEAU N°25ZERALDA;ALGER;Algerie;021 4487 40;021 ?40 29 43;isoclim@yahoo.fr;;;
JANVIC ALGERIE SARL;CITE 128 LOGTS BT C2 N°13W BLIDA;BLIDA;Algerie;0554.82.13.84;;BETAPRODUCTION2019@GMAIL.COM;;;
KA IS COMMERCE META UX PL US;ZONE INDUSTRIELLE PONT BOUCHET N°103 HADJAR W.ANNABA;ANNABA;Algerie;0551.19.71.81/0560.02.84.70;038.42.09.22;eurl.kais@yahoo.com;;;
KCPHSARL;RN 05 BOUMERGUED BORDJ 34000;BORDJ-BOU-ARRERIDJ;Algerie;0560 69 48 81;;;;;
KNAUF PLATRES SARL;CHEMIN DE WILAYA N°64, 31063 BENFREHA GDYEL;ORAN;Algerie;041 76 34 70 a 83 ;041 76 34 78;reda.bencharef@knaufalgerie.com;;;
KORAK ASCENSEURS SARL;ROUTE NATIONALE N°1 GRINILLAR OUS SOL A3 LOCALN°31 BIRKHADEM ALGER;ALGER;Algerie;0557.08.48.19/0541.132.170;;;;;
KORSEURL;RUE ZIOUANE MOHAMED N° 46 BENI TAMOU BLIDA;BLIDA;Algerie;560313633;;SARLALFO@GMAIL.COM;;;
KYSA SERVICE SARL;CITE KHAITI N 178 129 STAOUELI 16101;ALGER;Algerie;023 42 06 22/23/0661 30 57 74/ 0661 53 76 00 ;;nadia.chaouti@gmail.com;;;
LADJIMI PROFILE;CITE ALI KHODJA 02 N°02 BORDJ EL KIFFAN ALGER ALGERIE;ALGER;Algerie;;;;;;
LES GUIDES PRATIQUE DALGERIELGPA SARL;N°31 COOPERATIVE EL BAHDJA BIR KHADEM ALGER;ALGER;Algerie;023/52/95/14/0775/81/53/54;023/52/95/14;contact@lgpalgerie.com;;;
MEDICLIM/CHELLALIMAHDI;RUE DU 1 er NOVEMBRE C-A LOCAL N 39 BOU ISMAIL;ALGER;Algerie;23280936;23280936;;;;
MEDIPLOMB SARL;ZONE INDUSTRIELLE AMARA LOT 551 N° 04 CHERAGA ALGER;ALGER;Algerie;0661 51 59 76 /0661 51 63 46 ;23133405;mediplomb@hotmail.fr;;;
LASMIMOURAD;SMARA GROUPE 122 LOTS N°01 GUIDJEL W.SETIF;SETIF;Algerie;0560.05.05.75 ;;lasmimourad@yahoo.com;;;
MEDITRRANEAN FLOA TGLASS;29 ROUTE DE MEFTAH LARBAA 09 300;BLIDA;Algerie;;;;;;
LAFARGE CIMENT MSILA;CENTRE COMMERCIAL BAB EZZOUAR TOUR N°02 ETAGE 5 ET 6 ALGER;ALGER;Algerie;023 92 42 95;023 92 42 94;;;;
METAL STRUCTURE SPA;SIEGE USINE Z.l SIDI KHALED OUED EL BERDI BOUIRA;ALGER;Algerie;0770 32 28 21 /0770 96 93 91 ;;MERZOUKAMIROUCHE@CEVITAL.COM;;;
MIA MA TERIELSINDUSTRIELS ETAGRICOLES;31 RUE COLONEL AMIROUCHE BP 148 BORDJ EL KIFFAN;ALGER;Algerie;021 21 56 45;021 20 29 53;;;;
MINIROS SARL;9 HA I BEN CHAOUA KHAICIA 16203 BP 8 ALGER;ALGER;Algerie;020 33 50 04 / 0550.59.15.05/0661.40.22.64; 020 33 50 04;minoros_ctd@yahoo.fr /  KAIMA_R2@HOTMAIL.COM  /  baslimane@miniros.com;;;
MODUVI CONSTRUCTION MODULA IRE;02 RUE DJENANE EL MALIK - HYDRA ALGER;ALGER;Algerie;023.48.22.36/024.59.33.03;023.48.22.36/.24.59.33.03;contact@moduvi.com/commercial@moduvi.com/samy.assous@moduvi.com;;;
MORTIER BLANC;BOUDJELLIL CENTRE W.BEJAIA;BEJAIA;Algerie;550378378;;;www.mortierblanc.com;;
MOUAS BUILT;CITE EL BIADHA SEC N 01 GROUPE N 94 LOCAL;BOUMERDES;Algerie;;;;;;
MSA TECHNOLOGIES;16 COOPERATIVE ATADHEMENE 43001 CHELGHOUM LAID W.MILA;MILA;Algerie;0555 99 51 56/0661 44 51 56 ;;msatechnoloies.dz@gmail.com;;;
MONO ELECTRIC;198 GROUPE 1 ROUTE DE DOUERA BABA HASSEN ALGER;ALGER;Algerie;021.340.494/600;021.340.504;CONTACT@MONOELECTRIC.COM;;;
MONDIAL PRESTIGE SARL;PARC DES LOISIRS CAROUBIEE HUSSEIN DEY;;Algerie;0555-00-66-13;023-20-91-20;;;;
AM TRA INTERNA TIONAL SPA;ROUTE DE KHAROUBA BOUDOUAOU;BOUMERDES;Algerie;24          84 35 10;24          84 23 37;;;;
NEGOCEAUTO SERVICE SPA;RN N° 05 ZONE INDUSTRIELLE ROUIBA ALGER;ALGER;Algerie;023.87.36.74/0560.07.88.46 ;021 81 57 91;fella.berca@reseauxpoidslourds.com;;;
NOD CONSTRUCTION SYSTEMS SARL;LOT N°79 EL ACHOUR ALGER;ALGER;Algerie;023 33 24 00;023 33 29 99;nodyapi092014@gmail.com;;;
OMEDIA EURL;42 RUE ALI KHOUDJA BORDJ EL KIFAN ALGER;ALGER;Algerie;023 80 26 28;023 80 18 04;contact@omedia.dz;;;
ORKILA ALGERIE SPA;233 R.N OULED FAYET ALGER;ALGER;Algerie;023 28 92 81;023 28 92 02;mustapha.kouar@orkila.com;;;
OXXO ALGERIE SPA;15 BOULEVARD SAID HAMDINE BIR MOURAD RAIS ALGER;ALGER;Algerie;021.44.56.12;021.44.53.89;oxxo.3dg@oxxo.dz;;;
PETROGEL;N°18 LOT BENFLIS ROUTE DE BISKRA BATNA 05000;BATNA;Algerie;033 25 46 65;0233 25 46 67;a.atoui@petrogel.dz;;;
PH COLOR;ROUTE NATIOANALE 29 ARBATACHE;BOUMERDES;Algerie;0661 52 08 53 ;;phcolor@hotmail.fr;;;
PIGMA COLOR SARL;Z.l SIDI KHALED OUED EL BERDI 10490W.BOUIRA;BOUIRA;Algerie;0560.94.79.97;;;;;
PRO DIS TRIBUTEUR;BP 61 ECHANGEUR BOUFARIK NORD 09400 BLIDA;BLIDA;Algerie;24         28 39 12/13 ;025 28 39 14 ;billal@sfmotools.com;;;
PROFINISH SARL;AIN ABDALLAH BT F RDC BOUMERDES;BOUMERDES;Algerie;024 70 93 91 /0542 02 82 67 ;;contact@profinsh-dz.com;;;
REDUCOM;136 RUE DAIB AISSA COLLINE ZINA 02 BORDJ EL KIFFAN 16031 ALGER;ALGER;Algerie;021.20.11.15-16;021.20.11.10;;;;
ROYAL CERAM;OULED MEZOUAR COMMUNE OULED FADEL DAIRA TIMGAD;BATNA;Algerie;;;;;;
SABISYSTEMS;32 RUE YAHIA EL MAZOUNI EL BIAR ALGER;ALGER;Algerie;023 05 34 63/67 ;023 05 34 68;infocontact@sabisystems.com@sabisystems.com;;;
SADECDURISOL;ROUTE N 046 ROUMANA EL HOUAMED;M'S I LA;Algerie;021 51 66 81 /82 ;021 51 66 81 /82;;;;
SAFI MACHINERY EURL;Z.l ROUTE DU GENIE LOT N° 14DAR BEIDA ALGER;ALGER;Algerie;0561 73 94 55;;;;;
SANIT2000 MAMI EURL;CITE BOUAROUA RUE AOURI DERRADJI SECT235 ILOT W.SETIF;SETIF;Algerie;0661.35.18.84/036.53.24.82/036.44.52.89;036 52 29 59;sanit2000@yahoo.fr;;;
SARCERAMIQUESPA;Z.l AOMAR W.BOUIRA;BOUIRA;Algerie;026.90.83.11;;;;;
SARL CARREAUX DU SAHEL KOLEA - C.S.K;Z-l DU MAZAFRAN BP 73 KOLEA w.tipaza;TIPAZA;Algerie;024 52 23 20/0665.376.112 ;024.52.10.20;cskolea@gmail.com/contact@cskolea.com;;;
SARL ALRECOM;475, AHMED GHAZI- B.P.13.BARAKI-16210.;ALGER;Algerie;021.53.39.39;021.53.42.42;contact@alrecom .com;www.alrecom.com;;
SARL ALTUB;LOT. 178 . ZONE INDUSTRIELLE OUED SMAR ALGER;ALGER;Algerie;023.93.95.60/ 023.93.95.63/0550.111.000/0770.90.80.81;023.93.95.65;a.chettabi@altub-dz.com;www.altub-dz.com;;M. AMRANI OMAR / 0550.07.96.95
SARL BATIVERT;08 RUE DES FRERES OUDAHMANE LOCAL N°02 TIZI-OUZOU. 15000;TIZI-OUZOU;Algerie;026.20.91.91;026.20.92.94;info@bativert-dz.com;www.bativert-dz.com;;026.22.21.37/021.50.58.27/ 026.22.29.59562 I.F. 099915011231632
SARL BLIDA MACHINES;BP 45 ZAOUIA NOUVELLE BENI TAMOU W.BLIDA;BLIDA;Algerie;025.31.71.45/46.66 ;025 31 71 40/43 ;contact@blidamachine.dz;;;
SARL BUILDIMA TS;24 RUE ALI HAMZA DELY IBRAHIM ALGER;ALGER;Algerie;0550.47.25.07/0550.47.72.98;023.27.47.44;buildimats@hotmail.com;;;
SARL FAIENCERIE ALGERIENNE;LOT N° 07 ZONE INDUSTRIELLE ROUIBA;ALGER;Algerie;0561 61 91 93/023.86.22.30-31 023.86.22.34 ;;mbererhi@groupefa.com ;www.groupefa.com;;
SARL NEW TECHMETAL ALGERIE;CITE AMIREUCH AV MED KHEMISTE N 62;MOSTAGANEM;Algerie;045 30 82 95;045 30 82 93;;;;
SARL POLYTECH BS;CITE SONELGAZ VILLA N° 15 GUE DE CONSTANTINE KOUBA;ALGER;Algerie;0550 35 36 68/023.71.40.78 ;023 71 14 78023 71 40 78 ;soft.ben@hotmail.fr;;;
"SARL ""SPS"" SYSTEMEPANNEAUXSANDWICHS";ZONE INDUSTRIELLE EL-ALIA - B.P151 BAB-EZZOUAR .-16312;ALGER;Algerie;023.83.97.00;023.83.97.0   ; info@sps-dz.com  ;;;M.AIT OUALI
SARL . I2B;06 RUE AHMED CHERIFI - KOUBA;ALGER;Algerie;023.78.63.47;023.78.63.39;contact@i2b-dz.com;;;
SARL AFRICA MUL TIPLE;02 LOT COOPERATIVE EL FALLAH AIN NAADJA;ALGER;Algerie;0770.95.97.06/0770.95.97.07/0550 55 40 90;023.52.02.30;ntalmat@hotmail.com;;;
SARL AFRIQUEETANCHE;62 LOT SAIDI AHMED BORDJ EL KIFFAN;ALGER;Algerie;023.97.40.49;023.97.40.50;afrique tranche@hotmail.com;;;
SARL AGNAR;ZONE D'ACTIVITE KAIDI BLOC 37 BEK ALGER;ALGER;Algerie;0560.92.0.     26;;ABBES_BRAHIM16@YAHOO.FR  /  SARL.AGNAR2017@GMAIL.COM;;;
SARL AGUA SYSTEME;SEMARA GROUPE DE PROPRIETE 174 SECTION 12 GUIDJEL W.SETIF;SETIF;Algerie;036.625.190/0550.561.388;;BC_BOUADJIL@YAHOO.FR;;;
SARL AHTPVCALUMINIUM;HA I BEN YETTOU 31 SECTION 03 BENI TAMOU BLIDA;ALGER;Algerie;0560 31 36 33 ;;sarlalfo@gmail.com;;;
SARL ALFA ASCENSEURSALGERIE;176 FERME PONSE KOUBA ALGER;ALGER;Algerie;023.70.18.31;023.70.18.33;dj.ouadahii@alfaascenseurs-dz.com;;;
SARL ALG BUSINESS DEVELOPMENT;17, LOT 28 HAI EL MENZEL KHERICIA ALGER;ALGER;Algerie;0771 22 96 26 ;;agbude@yahoo.tr;;;
SARL ALGAL PLUS;SIEGE 5 LOT EL FETH JOLIE VUE KOUBA ALGER;ALGER;Algerie;021.28.34.65;021.28.34.65;info@algalplus.com;;;
SARL ALGERIA AND CHINA GROUP INDUSTRIES;Z.l SENIA 2 CLASSE 1 ILOT 13 ORAN;ORAN;Algerie;041 61 70 33;;;;;
SARL ALGERIEDALLAGE;06 RUE YOUGHOURTA ALGER CENTRE 16000;ALGER;Algerie;023 35 24 59/0770..54.51.39 ;023 35 24 59 ;md_lamine@yahoo.com;;;
SARL ALGERIE SERVICE ASCENSEUR;LOTISSEMENT BENBOUALIA N°79 AIN ABID W.CONSTANTINE;CONSTANTINE;Algerie;031.78.65.99/023.82.36.70 ;;contact@as-ascenseur.com;;;
SARL ALL STORES;CENTRE DES AFFAIRES EL QODS N°10/07 CHERAGA ALGER;ALGER;Algerie;021.34.10.83;021.34.10.83;ALLSTORES-ALGER@HOTMAIL.COM;;;
SARL ALSOCHEM;21. ROUTE DE MEHELMA DAIRA DE 16063 ZERALDA ALGER;ALGER;Algerie;021 32 00 40/ .77.53/97.59;021.32.0.       34;nacer.yahi@redaction.com;;;
SARL ALTITUDE SAFETY;BEN MERAD LOT N°03 GROUPE 230 BORDJ EL KIFFAN;ALGER;Algerie;0550 59 25 75 ;;bouzid.m@alpiniste-industrie.com;;;
SARL AL TRACTORS;LOT N°4 ROUTE DES DUNES CHERAGA ALGER;ALGER;Algerie;023 22 66 00 a 04 ;023 62 91 a92;haroune.azizane@altractors.com;;;
SARL ALUBOUG;CITE DES EXPERTS DAR EL BEIDA ALGER;ALGER;Algerie;;;;;;
SARL AMMARISTORES;CITE GARIDIA LOGTS B 10 BT 13 CB-2B;ALGER;Algerie;0561675398/0561675380;;;;;
SARL ASCENSEURS OMEGA ALGERIE;ZONE INDUSTRIELLE NEDJEMA B.P 50 SIDI CHAHMI ORAN;ORAN;Algerie;023.88.46.22/0560.98.13.84;041.28.96.75;com mercial-alg@ascenceur-omega. com/omega, ascenseur.alg@gmail.com;;;
SARL ASTALAVISTA;CENTRE COMMERCIAL ET DAFFAIRES MOHAMMADIA MALL LE LIDO;ALGER;Algerie;023.80.44.83/483;023.804.485;marketing@astalavista-dz.com/astalavista-dz.com;www.astalavista-dz.com;;
SARL ASTIMO;CITE 40 VILLAS NUMERO 27 COMMUNE TIBESSBEST W.OUARGLA;OUARGLA;Algerie;0555.09.0.     24/0555.09.00.33;;SARLESTIMO@OUTLOOK.FR;;;
SARL A TIA DISTRIBUTIONINDUSTREIELLE (ADI);48 Lot Djillali 02 Staoueli;ALGER;Algerie;021-39-13-05;021-36-57-74/39-19-05;atia16-sarl@hotmail.com;;;
SARL A YMEN PROMOTION HABITA T;COOPERATIVE EM MERSA LIDO CITE BAHA ILOT N°72 SECTION N°6 LOT N°4 EL MOHAMMADIA ALGER;ALGER;Algerie;023.545.171/0560.06.34.84;023.54.51.44;s.ouabdi@aymenprotion.com/ contact@aymenpromotion.com;;;
SARL BADAOUIETCIEIMP/EXP;KASRA ALABTAL CENTRE W.SETIF;SETIF;Algerie;0770 59 05 33/0560.94.46.09;;;;;
SARL BAIZID GLASS;MEFTAH;;Algerie;0561 67 29 21 ;;baizid.glass@hotmail.com;;;
SARL BA OS EM;COOP RADI HAMIDA VILLA N°65 DAR EDIAF;ALGER;Algerie;021-36-07-97;021-36-07-97;;;;
SARL BASF CONSTRUCTION CHEMICALS ALGERIA;ZONE INDUSTRIELLE BABA ALI , DIST 03,ILOT 03 SAOULA- ALGER;ALGER;Algerie;023.58.99.58;023.58.99.49;bakir.guettab@basf.com;;;Mme.LAMDANI 0770.94.60.17
SARL BENKHELFELLAH;ZONE INDUSTRIELLE TRANCHE N°F SIDI CHAHMI W.ORAN;BLIDA;Algerie;0561.94.09.70;;SARAH.CAPS.IMPOREXPORT@GMAIL.COM;;;
SARL BEST A POMPE;CITE BEN AMOUR ROUTE NATIONAL N° 01 BPN°75 - OULED YAICH;BLIDA;Algerie;25         27 08 68;02527 05 93;;;;
SARL BETA CHEMICAL MATERIALS;RUE OHEGHNOUNE TAYEB 113 N 01 GUEROUAOU;BLIDA;Algerie;;;;;;
SARL BETONMACHINERY CONCEPT;5       RUE VICTOR HUGO SIDI MHAMED;ALGER;Algerie;05.52.0.          41.41 ;;direction_bmc@hotmail.com;;;
"SARL BIAMOBENOUA TAS ""GROUPEBENOUA TAS""";ROUTE N°5 LACHBOURW.BORDJ BOU ARRERIDJ;BORDJ-BOU-ARRERIDJ;Algerie;0560.96.90.94/0561.81.97.39 ;035 76 50 72;biamo34@gmail.com / com mercial@biamo-dz.com ;www.biamo-dz.co;;
SARL BISA TELECTRONIC;ZAMAM RAMDANE LOT N° 21 EL HAMIZ DAR EL BEIDA;ALGER;Algerie;0659 10 14 38/0699 46 34 12 ;;commercial@bisetplus.com;;;
SARL BOULABEBOULONS;LOT 222-223 CITE LES ORANGERS EL HAMIZ D.E.B ALGER;ALGER;Algerie;023.85.66.97;023.85.67.01;info@boulab.com;M. SEBA SALAH/070.96.10.41;;
SARL BRICOPORTES;15 ROUTE NATIONALE DELY BRAHIM ALGER;ALGER;Algerie;0552 91 94 95 ;;sito-ha@hotmail.com;;;
SARL BUREAU OFFICE;34 CITE DES ROSES IMAMA;TLEMCEN;Algerie;0550.16.56.98/99;043.21.50.22;europlak.algerie@gmail.com;;;
SARL CABLE STAR;15 RUE REZIG AHMED ROUIBA ALGER;ALGER;Algerie;023.85.52.43;023.85.52.15;cablestar2010@hotmail.fr;;;
SARL CANA LUXBBA;VIEUX BORDJ N 17 SE 85 ILOT PROP41;ALGER;Algerie;035 73 93 32;035 73 93 32;;;;
SARL CAPROMET;07 RUE EL AHRAM N°02 ANNABA;ANNABA;Algerie;0553.20.18.60;038.83.58.76/031.63.14.60/61.32.07/038.52.33.99 ;sofbine@gmail.com;;;
SARL CENTREEALGERIE;09 BOULEVARD DE LA SOUMMAM BEJAIA 06000;BEJAIA;Algerie;0661.31.91.22/0553.32.16.14;034.22.06.89;valpint.algerie@gmail.com;;;
SARL CERAM DECOR;ZONE INDUSTRIELLE DRAA BEN SABAH N°32 TAOULT 05100 BATNA;BATNA;Algerie;030.36.10.20/0661.34.50.50;030.36.10.10;ceramdecor.commercial@gmail.com;;;
SARL CERAMSEKPLUS;Z D 6 EME TRANCHE LOT N 12;SETIF;Algerie;;;;;;
SARL CHEMICAL INNOVA TION;OULED BOUTOLA LOCAL N° 04 BOUIRA;BOUIRA;Algerie;0556 28 30 34; 026 72 41 09;novachem .alg@gmail.com;;;
SARL CIOMAT;11 BD AMIROUCHE TIZI OUZOU 15000;TIZI-OUZOU;Algerie;026.412.578/579 ;026 41 25 91;contact@ciomatgroupe.com;;;
SARL CIPAL;ZONE INDUSTRIELLE KHMIS EL KHACHNA;BOUMERDES;Algerie;024 97.60.45/0770.81.61.43;024.97.60.45;contact@cipal_dz.com;;;
SARL CIRTACHIMIE;17 CITE EZZOUHOUR ROUTE DE BATNA W.CONSTANTINE;CONSTANTINE;Algerie;031 60 71 47;031 60 71 47;CIRTACHIMIE@HOTMAIL.FR;;;
SARL CLIMA THYD IMPORT/EXPORT;COOPERATIVE IMMOBILIERE ETADAMOUNE GP 181 LOT 18 B.BA;BORDJ-BOU-ARRERIDJ;Algerie;035.74.03.00/0770.88.12.24 ;;climathyd34@gmail.com;;;
SARL CODIM;ROUTE NATIONALE N°5 EL- HAMIZ . DAR - EL- BEIDA . ALGER.;ALGER;Algerie;021.75.54.11/021.75.54.15;021.75.54.15;codim.sarl@yahoo.fr/ info@codim-dz.com www.codim-dz.com;M.DJOUADI ALI /;;
SARL CROWNEQUPEMENTS INDUS RIELS;31      CITE LARBI BEN M'HIDI AIN MLILA 04300, OUM EL BOUAGHI ;OUM-EL-BOUAGHI;Algerie ;OUM-EL-BOUAGHI;032 5 00 33;crown34@outlook.fr;;;
SARL DECO YALITIM;1200 LOGTS LPP 435 BT22 LOCAL N°2 SID ALGER;ALGER;Algerie;0770.88.48.49/0770.88.21.27;;;;;
SARL DEKA ALGERIE;ZONE D'ACTIVITE OUED GHIR W.BEJAIA;BEJAIA;Algerie;0550.69.11.46;;;;;
SARL DESIGNDEMADERA;ILOT N°399 SECTION 1er ETAGE BT N°15 OULED FAYET ALGER;ALGER;Algerie;0554 82 78 41/0550 19 08 80 ;;d.djeroudib@designmadera;;;
SARL DISTRAMCONSTRUCTION;COOPERATIVE EL FETH EX CHEMIN DU KADDOUS BIR MOURAD RAIS VILLA N°23 SAID HAMDINE ALGER;ALGER;Algerie;023.59.81.57;023.59.81.34;;;;
SARL DISTRIBUTIONELECTRAL;04 ALLEES BENBOULAID 05000 BATNA;BATNA;Algerie;0338 03 94/0661 58 69 26 ;033 80 39 04;;;;
SARL ECRAL;ZONE MULTI SERVICES AIN EL BEY N° 04 EL KHROUB CONSTANTINE;CONSTANTINE;Algerie;0560.36.71.73;031 74 12 90;bureau.ecral@gmail.com;;;
SARL EDIFTECH ETUDE ET REA LISA TION;CITE ELFEDJ N°786D 1ER NOVEMBRE W.CONSTANINE;CONSTANTINE;Algerie;0560.63.54.11/0560.63.54.89;;;;;
SARL EFM;CHATER BACHE BP N°68 AHMER EL AIN;TIPAZA;Algerie;020 54 00 33/020 54 05 24;020.54.05.25;tedjinihatem@gmail.com;;;
SARL ELEVA TOR ENGINEERING & EQUIPEMENT;COOPERATIVE ASMA N2 BIRKHADEM ALGER;ALGER;Algerie;0671.52.42.51;;O.ARIBA@EE-E.CO/JOSEPH@EE-E.CO;;;
SARL ENADJAH;ROUTE NATIONALE N 29 LOT 04 GROUPE N 74 LARBATACHE;BOUMERDES;Algerie;0555 00 23 47;;;;;
SARL ENTRELEC;LOT N 01 NOUDJOUM BOUMERDES 35000;ALGER;Algerie;024 94 63 73;024 94 61 44;;;;
SARL EOIS;BOULVARDE MOHAMED NAILI ALGER;ALGER;Algerie;0699 20 21 10 ;021 23 77 44;;;;
SARL ETPTOURAHMOUNE;CITE MERIEM BERAKI N°27 SECTION 03 ILOT 48BERAKI ALGER   ;ALGER;Algerie;0661.288.188 ;024.74.08.87;;;;
SARL EXIMPRO;CITE AIN ALLAH VILLA N° 25 DELY BRAHIM ALGER ALGERIE;ALGER;Algerie;023 31 22 17;021 36 34 66;eximprozaki@gmail.com;;;
SARL F.B.E.B.;SIEGE SOCIAL CITE BOUSNAKI D N°181 BAB EZZOUAR ALGER;ALGER;Algerie;0661 672 603/031.481.648;031.481.649;sarlfebe@hotmail.com;;;
SARL FALKON ALUMINIUM ALGERIA;DJENNANE TEBIB N 03 388 SEC 02 BIR KHADEM;ALGER;Algerie;;;;;;
SARL FAPOBENAS;19 EGZIB BIRTOUTA ALGER;ALGER;Algerie;025.29.82.82;025.29.82.82;info@fapobenas.com;;;
SARL FIEP;LOT 01 ET 02 CITE BRANCI RN N°05 Z.l ROUIBA ALGER;ALGER;Algerie;023 87 37 20/ 11 ;023 87 37 17 ;;infodachir-dz.com;;
SARL FORTIS;11 CHEMIN DOUDOU MOKHTAR BEN AKNOUN ALGER;ALGER;Algerie;0542.22.22.21;023.38.13.61;lalane@exelsaholding.com;;;
SARL FRERES MEL IZI IMPORT/EXPORT;Z.l EXTENION LOT N°73 ET 75 W.SETIF;SETIF;Algerie;0554.86.68.51;;FMK.INDUSTRIE@GMAIL.COM;;;
SARL GEPLOMB;54.LOT LES ORANGRS.HAMIZ DAR EL BE I DA;ALGER;Algerie;021..86.04.72;021.86.99.93;;;;
SARL GKMC IMP-EXP;ZONE D'ACTIVITE 5 eme TRANCHE N°81 SETIF ALGERIE;SETIF;Algerie;036 83 90 63;;gkmc1900@gmail.com;;;
SARL GLASS DESIGN;ZONE D'ACTIVITE 100 LOTS ROUTE DE M'SILA W.BBA;BORDJ-BOU-ARRERIDJ;Algerie;035 87 31 25/86/90 ;035 87 31 86/90 ;sarlglassdesign@yahoo.fr;;;
SARL GLASS DESIGN VITRAGE;ZONE D'ACTIVITE 100 LOTS BBA;BORDJ-BOU-ARRERIDJ;Algerie;035 87 3110/09 ;035 87 31 10/09;;;;
S/1 RL GL OB ALE L OGIS TIQUE SER VICES A LGERIE;CITE ELI KHODJA N°127 BEAULIEU OUED SMAR ;ALGER;Algerie;;;Algerie klassouani@gmail.com;;;
SARL GRAFIL;ZONE INDUSTRIELLE BORDJ -BOUARERIDJ 34000;BORDJ-BOU-ARRERIDJ;Algerie;035 87 38 97;035 87 38 96;MARKETING@GRAFIL.DZ/MARKETING@GRAFILDZ;;;
SARL GRALCOME;LOT 25 ZONE INSUSTRIELLE MOUILHA 35011 OULED MOUSSA W.BOUMERDES;BOUMERDES;Algerie;0560 02 46 04/0560 09 32 31 ;;zakaria.touazi@gralcome.com;;;
SARL GROUPEABC;SECTION 09 GROUPE 250 ROSFA W.SETIF;SETIF;Algerie;036.57.87.38;036.57.87.40;CONTACT@SARLGROUPEABC.COM;;;
SARL GROUPEAGOUNE;EL HACHAICHIA MEZLOUG SETIF;SETIF;Algerie;036 69 33 40/05 ;036 69 33 60;groupe.agoune@gmail.com;;;
SARL GROUPEINDUSTRIEL SIDIBENDEHIBA;ZONE D'ACTIVITE MESRA BP 225 W. MOSTAGANEM;MOSTAGANEM;Algerie;045 48 90 27/0561.688.771/045.48.90.29-30 ;045 48 90 90045 48 33 95 ;contact@gisb.dz;;;
SARL HOWSOL PANINGENIERIEETCOMMERCE;320 VILLA PARC OMAR KOUBA ALGER;ALGER;Algerie;0661.52.89.43-44 ;;howsolpan algerie @gmail.com;;;
SARL HU AM INDUSTRIES;15 RUE MUSTAPHA BEN BOULAID ALGER CENTRE;ALGER;Algerie;021 73 60 95;021 73 60 95;youcef_belkhala@hotmail.com;;;
SARL IAGM;ZONE D'ACTIVITE FREHA TIZI OUZOU;TIZI-OUZOU;Algerie;0550 67 92 48/0661.72.33.89 ;026 41 34 00 ;iagm@hotmail.fr;;;
SARL IETINGENIERIE ET COMMERCE;COLLINE MOUHOUS LOT N 02 SEC 02 16032;ALGER;Algerie;0661 52 89 43/44;;;;;
SARL ILB;COOPERATIVE IMMOBILIERE EN-NASR, LOT HAOUCH ATTAR APPRT N°3 DAR EL BE I DA;ALGER;Algerie;0561.65.22.30/023.81.10.35 ;023 81 10 35 ;sarl.ilb@live.fr;;;
SARL IMP EXP FRERES OURAHMOUNE;RN N°05 CITE BEN ADJEL BOUDOUAOU W.BOUMERDES ;BOUMERDES;Algerie;  0661.288.188;;DJALIL@GROUP-OURAHMOUNE.COM;;;
SARL IMPACT ALGERIA CERAMIQUE;ZONE INDUSTRIELLE SIDI-KHALED OUED EL BERDI W.BOUIRA;BOUIRA;Algerie;026.87.38.04/06.57.53.87.87 ;;impactalgeriaceramique@yahoo.com;;;
SARL INFINITY PUB;14 RUE DJENAH ELAKHDAR KOUBA ALGER;ALGER;Algerie;0550 54 41 46;021 68 98 62;bourafa1974@gmail.com;;;
SARL INFRA CONFORT;NOUVELLE VILLE ALI MENDJELI W.CONSTANTINE;CONSTANTINE;Algerie;0659.04.85.23;;INFRACONTROL@GMAIL.COM;;;
SARL INNOVEX;129 COOP ESSELAM BIRKHADEM 2 ALGER;ALGER;Algerie;0560.05.05.29/0560.89.06.34;023.81.87.15;info@innovexalgerie.com;;;
SARL INTERNATIONAL INFRASTRUCTURE INVESTMENT;LOT N°399 SECTION N°1 BT A N°16 OULED FAYET ALGER;ALGER;Algerie;023.28.65.65;023.28.65.15;h.bahmed@alcoimmobiliere.com;;;
SARL IPP INDUSTRY PLASTIC a POLYSTYRENE;CITE BENADJEL GROUPE 5, BOUDOUAOU W.BOUMERDES;BOUMERDES;Algerie;024.74.31.99;024.74.32.00;;;;
SARL IZOYENISOLATION;04 RUE ABDOU MOHAMED EL MOURADIA 16070;ALGER;Algerie;;;;;;
SARLKPLAST;CITE DU 1 er NOVEMBRE 1954 BATIMENT D02 N°01 SETIF;SETIF;Algerie;0770 47 42 43 ;021 24 08 45;bureau_alger@groupekplast.com  kplast2000@groupekplast.com;;;
SARL KECHICHI TERASTONE;LOCAL IT 02 MECHTA LEHMAMID EL BARDAA COMMUNE DE BELAIBA M'SILA;M'S I LA;Algerie;0661 37 23 18 ;;groupekechichi@gmail.com;;;
SARL KEMOUCHEPVC;Z.AALOT 287 N°177 EL EULMA;SETIF;Algerie;0550.78.35.79;;SARL.KELOUCHE@GMAIL.COM;;;
SARL KHALIFA BESTGLASS;RUE DES FRERES MEEMER KOLEIA TIPAZA;TIPAZA;Algerie;024.36 60 56/57 ;024.36 60 58 ;khalifa_b.glass@yahoo.fr;;;
SARL KHEOPS BA TIMENT;117 PARC BEN OMAR KOUBA ALGER;ALGER;Algerie;555529915;;KHEOPS.BATIMENTS@GMAIL.COM;;;
SARL KING WA YS INTERNA TIONAL;KARA MUSTAPHA SECTION 07 GROUPE PROP 257 OULED MOUSSA W.BOUMERDES;BOUMERDES;Algerie;023.86.08.39/0560.63.60.08;023.86.08.39;king.contact@yahoo.com/KWIN.CONTACT@YAHOO.COM;;;
SARL KNDECO;SECTION 07 ILLOT 20 LACHBOUR COMMUNE EL YACHIR W.BORDJ BOUARRERIDJ;BORDJ-BOU-ARRERIDJ;Algerie;0554.98.86.01 ;035.72.10.30 ;kn de coo@yahoo.fr;;;
SARL KSBAHNET;96, LOTISSEMENT EL BINA DELY IBRAHIM ALGER;ALGER;Algerie;0660 304 806/0661.508.720/023.304.040;023 30 41 41;info@ksbahnet.COM;;;
SARL LEADER ALUMINIUM;CITE BEN AMMAR LOT N° 025.DCV 01 EPE;ALGER;Algerie;0555.04.26.04/0561.66.77.84;;;;;
SARL LGMB FACADE;CITE 300 LOGTS AIN MLILA W.OUM EL BOUGHI;OUM-EL-BOUAGHI;Algerie;0550.28.92.17;032.50.14.62;LGMBFA@GMAIL;;;
SARL LOMARHOLDING;HAY EL CHAHID BELKACEM GROUPE 01 LOT 05 (EX. CITE DES TRAVAILLEURS) DAR EL BE I DA ALGER;ALGER;Algerie;023.74.74.48;021 50 62 05;glm1@live.com/info@lomarholding.net;;;
SARL LOTA;HA I KHMISTI CITE 90 LOGEMENTS BLOC C 20/A 1er ETAGEAKID LOTFI W.ORAN;ORAN;Algerie;041 62 14 07/0770932.632 ;041 62 14 07;;;;
SARL LOTUS SAT;ZONE INDUSTRIELLE M'SILA 28000;M'S I LA;Algerie;035 36 53 53;035.36.53.35;daf@lotus-metal.com/COMMERCIAL.01@LOTUS-METAL.COM;;;
SARL LOVAL;300 KIFFANE CENTRAL LES DAHLIAS 13000 W.TLEMCEN;TLEMCEN;Algerie;043.27.80.80;043.27.70.70;;;;
SARL LUXYLED;ZONE INDUSTRIELLE MOUDJEBEUR ROUTE TRANAHARIENNE 26033 MEDEA;MEDEA;Algerie;025.700.302;025 70 03 02;NB@LUXY-LIGHTING.CO;;;
SARL MAGHREB TRAILER INDUSTRIE;FERME MUNICH ROUTE NATIONALE Z I OUED SMAR DAR EL BEIDA ALGER;ALGER;Algerie;021 50 60 29;021 50 53 49;setif.mti@gmail.com;;;
SARL MANCERETBA TTAZ;CITE 160 LOGTS RUE 1er NOV 1954 EL EULMA 19600;SETIF;Algerie;0550 98 02 51 ;;z-itou@live.fr;;;
SARL MANYL MACHINERY;CCA EL QODS BU 08-07 CHERAGA ALGER;ALGER;Algerie;021.34.73/74;021.34.11.66;CONTACT@MANYL-MACHINERY.NET;;;
SARL MARGUS MAGHREB;LOT 123 PLAN CADASTRE 23 BENFRIA W.ORAN;ORAN;Algerie;0660.57.59.05;;;;;
SARLMATHYD;CITE SONELGAZ 2 N°286 GUE DE CONSTANTINE ALGER;ALGER;Algerie;023.52.43.47;023.52.43.47;CONTACT@MATHYD.NET;;;
SARL MORTEXIA;ZONE INDUSTRIELLE N°28 KSAR EL BOUKHARI;MEDEA;Algerie;0560 13 33 41/0555 62 60 63 ;;contact@mortexia.com;;;
SARL MOUTONRIVOMAFRICA;CENTRE COMMERCIAL GARE ROUTIERE BEN OMAR LOCAL N°03;ALGER;Algerie;021 54 31 61/63; 021 56 13 01;sarlmouton-rivom@hotmail.com;;;
SARL NACICO;CITE DJAMMA LAKHDAR GHELGHOUM LAID W.MILA;MILA;Algerie;031.53.62.42/0550.59.87.02;031.52.68.89;K.LOUTANI@NACICO-CHEMICALS.COM;;;
SARL NAIL INDUSTRIE;ZONE INDUSTRIELLE ET D'ACTIVITES B04/18 W.DJELFA;DJELFA;Algerie;0550.68.54.81;027.91.32.43;IMADALOUSAMIR@YAHOO.COM;;;
SARL NETIS;19 RUE ADOUI ISMAIL SMK CONSTANTINE;CONSTANTINE;Algerie;031.74.02.17;031.74.02.16;netis25@yahoo.fr;;;
S/1 RL NEW BLACKS TONE;SEC N 02 LOT 102L/C N 03 TIDJELABINE;BOUMERDES;Algerie;;;;;;
SARL NEWMARBRECONTINENTAL;01 ROUTE DALGER KHAZROUNA W. BLIDA;BLIDA;Algerie;025.27.00.47/0560.04.41.11 ;;khermouchemohamed@hotmail.fr / contact@newmarbreconti nental.com;;;
SARL NEW PAINTS;CITE KHEMISTI LOTIS 407 LOT BIR EL DJIR W.ORAN ;ORAN;Algerie;0560.235.613;;BOUCHIKHIDJAMEL@YAHOO.FR;;;
SARL NOUREL MOUBINE;Z.DACTIVITE RUALE LOT 287 LOTS N°129 EL EULMA;SETIF;Algerie;0551 52 04 11 ;036 76 30 57 ;sbf-import@live.com;;;
SARL NOVA CARPENTERIA ORAN;HA I KHEMISTI EL DJADID ILOT 13 N°02-05 FRONT DE MER CANASTEL W.ORAN;ORAN;Algerie;0561.91.67.01;;NOVA.MEUBLE@OUTLOOK.FR;;;
SARL NTF;COMPAGNE SEMMAR I LOT 851 BIRKHADEM ALGER;ALGER;Algerie;023.59.74.94/0770.147.386;023.59.76.85;contact @ntf_dz.com/COMMERC IAL.NTF@GMAIL.COM;;;
SARL NURAL PVC ET FACADE SYSTEM;N 19 B ROUTE DE AIN TAYA ROUIBA ALGER;ALGER;Algerie;0552.425.606/0552 42 56 06 ;;maxwintr@gmail.com/a.akol@nur-is.com;;;
SARL PANDA BROSSE;CITE LES ORANGES GROUP B/D LOT 210 HAMIZE DAR EL BAIDA ALGER;ALGER;Algerie;0777.95.08.96 ;;panda_brosse@hotmail.fr;;;
SARL PEINTUREMIDY2;LOT N°07 ZONE d'activite Zeralda alger;ALGER;Algerie;023.20.81.80;023 20 81 87;peinture.midy@yahoo.com;mydipeinture2000@yahoo.fr;;
SARL PENGPUALGERIE;ZONE D'ACTIVITE OUELD MOHAMED 127 CHLEF;ALGER;Algerie;;;;;;
SARL PLASTUB;BP 60 ZONE INDUSTRIELLE GT BOUNOURA - GHARDAIA;GHARDAIA;Algerie;029.87.34.76;029.87.30.17;;;;
SARL POL YBETON;LOCAL 01 KHERMAME CNE BENZOUH N°148 W.BOUSSAADA 28001;M'S I LA;Algerie;035.47.07.10;035.47.07.10  ;sarlpolybeton@yahoo.fr;;;
SARL POL YMERS SYSTEME;RUE 11 N°04 ALGER PLAGE BORDJ EL BAHRI ALGER;ALGER;Algerie;023.95.24.99/0558.83.79.20 ;;sarlpolymerssysteme.dz@gmail.com;;;
S/1 RL POL YS TYRENE DES OA SIS;CITE OULED ALI KHEMIS EL-KHECHNA WILAYA BOUMERDES;BOUMERDES;Algerie;023 75 72 35;023 75 72 35;polystyrene.oasis@gmail.com;;;
SARL PROCLAR;CITE BEN MERRAD LOT N°134 SEC 03 BORDJ EL KIFFANE ALGER;ALGER;Algerie;;;;;;
SARL PROPHEXSOLUTIONGROUPE;SOFRA NORD LOT N°12 GP3 EL HAMIZ DAR EL BE I DA ALGER;ALGER;Algerie;0561.69.83.73 ;021 87 87 62;info@prophex-dz.com/marketing@prophex-dz.com;;;
SARL RESSAL AGLOBITON;HAMMAM DA LA A ILAYA W.M'SILA;M'S I LA;Algerie;0560.22.05.43;;SARL RESSALAGLOBITON@GMAIL.COM;;;
SARL RICARDO MOLINA ALGERIE;Zone Industrielle BENI HAMDINE N°66 Eucalyptus 16220 -Alger;ALGER;Algerie;0560.95.92.14;;dalila@ricardomolina.com;;;
SARL ROB ISA N;HAY BABA ALI LOOCAL N°4 BIRTOUTA ALGER;ALGER;Algerie;0770 42 60 30 ;;info@robisan-dz.com;;;
SARL ROLUX;QUARTER MERDJA CHEKIR BP34 MEDEA CDD;MEDEA;Algerie;0560/90/63/97/025 78 81 99 ;025 78 81 99;bouzemlal@decohome-dz.com;;;
SARL ROYAL TIGRA;CITE M'ZARAA SECTION N°01 GROUPE PN49 OULAD MOUSSA W.BOUMERDES;BOUMERDES;Algerie;0661.26.52.30/0770.13.57.51;;HANIFI.HAKIM@HOTMAIL.COM;;;
SARL SAFCER;Zone Industrielle N° 15 BP 90 19000 W.SETIF;SETIF;Algerie;036 93 81 81/93.65.65/93.86.33 ;036 93 65.65; dg@groupesafcer.com;;;
SARL SALAMA PVC;N°100 ZONE INDUTRIELLE CITE KECHIDA W.BATNA;BATNA;Algerie;033.22.39.54;033.22.39.49;salama_pvc@yahoo.com;;;
SARL SAPPEC PEINTURE IMPORT EXPORT;CITE DJAMAA LAKHDAR CHELGHOUM LAID .W.MILA;MILA;Algerie;031 53 62 42;031 53 62 42;contact@sapper-dz.com;;;
SARL SBS SITIFIS BRIQUETERIE;ZONE INDUSTRIELLE N°17 BIS W.SETIF;SETIF;Algerie;036.62.55.26;;GROUPE_BOURAS@YAHOO.FR;;;
SARL SCOA ECLAIRAGE;6         BD AHMED BEN ABDERREZAK ORAN;ORAN;Algerie;;;;;;
SARL SDMB;COOP HADJAM MOHAMED N 14 ZONKA BIRKHADEM;ALGER;Algerie;023 57 55 03;023 57 55 03;;;;
SARL SEMIN ALGERIE;RUE BOUMEDAOUI NACER CITE SOMACOB BT A05 06000 W.BEJAIA;BEJAIA;Algerie;34          120 160;034.12 01 60;lounis.nadir@free.fr/contact@semin-algerie.com;;;
SARL SITIBTALGERIE;01 RUE AHMED EL AFFER LOT 13 ZEDEK BEN AKNOUNE ALGER;ALGER;Algerie;0557 76 90 41 ;;sandra.bellvis@bt-iberica.net;;;
SARL SMEIMAMMERIE;Z.l N° B52 LOT 03 KECHIDA BATNA;BATNA;Algerie;;;;;;
SARL SMOFE;51, RUE HAMADOU TORKI CITE TUDJENE SETIF ALGERIE B.P 463 BIS;SETIF;Algerie;036 82 50 50;036 82 53 53;apro@smofe.com;;;
SARL SOCIETEHADDALENE;LOTISSEMENT BERCHICHE N°12 W.TIZI-OUZOU;TIZI-OUZOU;Algerie;0551.04.31.52;;;;;
SARL SOCOPE;PINS MARITIMES FACE HOTEL HILTON MOHAMMADIA ALGER;ALGER;Algerie;023 79 56 80-81 ;023 79 56 79 ;;socopedz.com;;Melle.BOUSMAHA KARIMA / 0550.25.57.03 0555.30.40.27 Mme.lFRAH 0550.58.61.43/
SARL SOFCONTRA;LOT N°15 EXTENTION Z.l REMCHI B.P N°156 CERISIER TLEMCEN;TLEMCEN;Algerie;040 91 99 45/040 91 99 37 ;043 43 50 60 ;contact@sofcontra.net ;www.sofcontra.com;;
SARL SOGIMREC;CITE LES ORANGERS N°133 DAR EL BEIDA ALGER;ALGER;Algerie;;;;;;
SARL SOMODAL;Z D ARU EL BEY N 45 A ALI MENDJEL;CONSTANTINE;Algerie;0560.55.10.07;;COMMERCIAL@SOMODAL-DZ.COM;;;
SARL SPRINT PORTE;01 CHEMOUMA NOUVELLE COPPERATIF EL FERDAOUS LOC N°2 W.MOSTAGANEM;MOSTAGANEM;Algerie;0550.53.62.91 ;;sprint.porte@hotmail.com;;;
SARL STEEL EXPORT SERVICE- SES;ROUTE DE BLIDA - CHEMIN DE BERBESSA BP. 233 KOLEA;TIPAZA;Algerie;020.50.42.96 - 024.48.12.81/87;020.50.42.16/021.36.42.49/024.48.12.49;davidbeauvois@yahoo.fr;;;
SARL SUDETANCHE;34       RUE ABOU NOUASS HYDRA ALGER;ALGER;Algerie;025 39 48 18/0770 53 14 76 ;; sarl_sudetanche@yahoo.fr;www.sudetanche.com;;
SARL TACHERIFTFRERES;70, ROUTE D'AIN-TAYA - ROUIBA .;ALGER;Algerie;0661 52 95 54 ;021 81 34 97 ;tacheriftsarl@hotmail.com;;;
SARL TAOUAB;VILLA 38 RUE OMAR BOURSAS VIEUX KOUBA ALGER;ALGER;Algerie;0560 99 60 59/023 60 22 42 ;023 60 24 41;m.hafiz@taouab.com/commercial@taouab.com;;;
SARL TECHNO CAST;ZONE URBAINE LOTISSEMENT N 02 AHMED ZABANA;TIPAZA;Algerie;024.30.84.99;024.30.84.99;kenza.djouama@technocast@technocast.dz;;;
SARL TECHNOCERAM;ROUTE NATIONALE 03 FESDIS W.BATNA;BATNA;Algerie;033.20.82.05;033.80.82.10;technoceram@yahoo.com/;;;
SARL TECHNOLOGIE.KNM;SIEGE SOCIAL PROMOTION NEGUEG 14 LOG B CITE ADM M'SILA 28000;M'S I LA;Algerie;035 33 87 45/0699.66.50.05; 035 33 87 45 ;neguezknm@yahoo.fr;;;
SARL TECHNOSA T;ZONE INDUSTRIIELLE GARTTAM BOUNORA GHARDAIA;GHARDAIA;Algerie;029.27.23.71;029.23.27.68;TECHNOSATGH@ YAHOO.FR;;;
SARL TESMEB;KORIAA SECTION N° 01 LOT 229 COMMUNNE DJBALA;TLEMCEN;Algerie;0659 42 13 10 ;0659 71 13 11 ;SMIDOUN@YAHOO.FR;;;
SARL THERMO-TECH;ZONE GARIDI - J01- N°12- KOUBA;ALGER;Algerie;021.68.96.01/0560.900.844;021.28.18.07;thermo-tech@hotmail.com;;;
SARL TEKNOBRIK;26       LOT ROUTE DE SIDI ABED N°2 TESSALA EL MERDJA;ALGER;Algerie;0560.04.45.18 023 58 30 04 ;;teknobrik.tech@live.fr;;;
SARL THERMOCLIMA IMPORT/EXPORT;CITE DU LYCEE N E 07 ROUIBA ALGER;ALGER;Algerie;023.96.28.23;023.96.28.23;thermoclima.vente@gmail.com;;;
SARL VERDESAL DJAZAIR;HA I GALLOUL 16111 - BORDJ EL BAHRI;ALGER;Algerie;023 96 97 30;023 96 97 29;myaissaoui@verdes.com;;;
SARL VOLCANOMED;48 B RUE COLONEL BOUGUERA BELLE VUE EL HARRACH ALGER;ALGER;Algerie;021.82.12.08/0561.50.71.57;021.82.10.65;volcanomed@yahoo.fr;;;
SARL WINDOORALGERIE;159 SIDI ABED LOT N°05 TASSALA EL MERDJA ALGER;ALGER;Algerie;0770.605.606 ;;nabil_windoor@hotmail.fr;;;
SARL ZAMOUNCERAMIC OR/SOL TEK SRL;ZONE D'ACTIVITE BABA ALI N°45/46 OUED KERMA SAOULA ALGER;ALGER;Algerie;023 58 020 02/03;023.58.20.03;contact@ceramicdz.com;;;
SARL ZLATOIMPEX;LOCAL N°01 S02 RN N°12 AZAZGA;TIZI-OUZOU;Algerie;26         14 46 62;026 14 46 62;contact@zlatoimpex.com;;;
SARL ZOOMUONAHUN TECHNICAL;371 SECTION 07 ILOT 36;ALGER;Algerie;;;;;;
SELAM CHEMISTRY AND PVC INDUSTRIES SARL;LA ZONE D'ACTIVITE EL EULMA 19600 SETIF;SETIF;Algerie;36         47 95 42 /;036 47 95 42;INFO@SELAMGROUP.COM;;;
SELMANE MOURAD / IMOSIUM;39 COOP LES COMMUNAUX KOUBA ALGER;ALGER;Algerie;;;;;;
SIMELEC SARL;08 RUE HAMIDA BOUALEM - DAR EL BEIDA;ALGER;Algerie;021.75.43.79/80/84;021.75.43.82/81/83;simelec_alg@yahoo.fr;;;
SMART COLD;28 A OULED MENDIL DOUIRA ALGER;ALGER;Algerie;0671.46.00.00;;;;;
SNC A YA CHI SAID ET SON A SSOCIEE;Z.l OULED SALAH-TAHER W.JIJEL;JIJEL;Algerie;034 55 38 01 /02; 034 55 37 90;snc.ayachi.carrelage@yahoo.com;;;
SNC BELAID ET FILS;ROUTE NATIONALE N°01 HELAILIA BOGHAR;MEDEA;Algerie;025.70.30.92/0550.57.49.69 ;025 70 30 93;sncbelaidaluminuim@yahoo.fr;;;
SNC BENMERABET ET CIE;lot bouchaoui 03 lot 124 cherga alger;ALGER;Algerie;023 18 95 93/0661 23 95 50 ;023 18 23 94;bmpromotion160logements@gmail.com;;;
SNC BEXCAR BENBRAHIMET CIE;CITE 1600 LOGTS BT 116 N°02 EL-KHROUB CONSTANTINE;CONSTANTINE;Algerie;0550 91 05 28;031.96.54.66;contact@bexcar.com;;;
SNC BOUCHERAI ET CIE GENIMA T;RN N°26 MAAKEL SIDIAICH;BEJAIA;Algerie;0555002830/034296297;34296297;info@omtex-dz.com;;;
SNC FRERES DIB META UX;914 CITE EL MANAR KHROUB W.CONSTANTINE;CONSTANTINE;Algerie;0661 30 68 56/031.95.01.06 ;;sfdm12@yahoo.fr;;;
SARL YIDA EMBALLAGE;LOT 07 N° 08 GROUPE 61 BABA ALI BIRTOUTA ALGER;ALGER;Algerie;0797 99 88 88 ;;yidaalge@gmail.com;;;
SOCIETENA TIONALED'ASSURANCE SAA;IMMEUBLE SAA QUARTER DES AFFAIRES BAB EZZOUAR ALGER;ALGER;Algerie;0661.895.134/ 021.22.50.00/0554 998 563; 021.22.50.00;saasdcommunication@gmail.com / agougou.fouad@saa.dz / kaouah.yasmine@saa.dz / AYOUZ.TARIK@SAA.DZ;www.saa.dz;;
SOFICLEFSARL;03 RUE RABAH TELDJA ZONE D'ACTIVITE SI MUSTPHA BOUMERDES;ALGER;Algerie;24710297;24710293;contact@soficlef.com;;;
SOGIT INTERNATIONAL TRADING COMPANY;24 RUE LARBI TBESSI, LOCAL 01 BORDJ EL KIFFAN ALGER;ALGER;Algerie;0550 41 74 63/0541 72 78 46; 023 30 12 69;sogit_commercial@hotmail.fr;;;
SOLISO TECHNOLOGIES ALGERIE;N°69 RUE DES MARTYRS GUERROUA W.BLIDA;BLIDA;Algerie;770760583;023.27.47.35;solisodz@gmail.com;;;
SOM'S;35 RUE DES FRERES MELLALI ROUTE DE SIDI AHEMED 06000W.BEJAIA;BEJAIA;Algerie;034.81.88.46/0661.63.05.04;034.81.88.50;contact@soms-dz.com;;;
SOPIMEME PROMO TIONIMMOBILIERE SA RL;LOT 401 DJENANE ACHABOU CHERAGA ALGER;ALGER;Algerie;056093 91 51;;; www.sopimempromotion.com;;
SPA ENOF;31 , RUE MOHAMED HATTAB HACENE BADI - BELFORT EL HAOUCH ALGER;ALGER;Algerie;023 82 71 76/0659.60.07.29; 023.82.71.75;enof.dz_2012@gmail .com/ dea@enof.dz;;;
SPA ADWANCHEMICALS CIEALGERIA;Z I N 02 &03D3 FORNAKA MOSTAGANEM;MOSTAGANEM;Algerie;045 370 003/04 ;45370003;aouar@adwanchem .com;;;
SPA ALCAHYD;LOT BOUSHAKI F N°28 BAB EZZOUAR ALGER;BOUMERDES;Algerie;027.51.21.29;027.51.21.29  ;alcahyd@alcahyd.com; www.alcahyd.com;;
SPAALGOMAT;7         , PASSAGE MARC SEGUIN 16100 .;ALGER;Algerie;021-23-96-33/38;021-23-97-90;algomatdirection@yahoo.com/CONTACT@ALGOMAT.DZ;;;AIT HAMOUDA AMIRA 0770.93.86.38 / REDA CHEKIR 0550.62.03.83 0770.93.86.32 M. BELKHODJA RACHID /Mme BOUHARA AMIRA/
SPA BISKRIA CIMENT;DJAR BELAHRACHE BRANIS W BISKRA;BISKRA;Algerie;033 62 73 92/0560.80.98.83 ;033 62 73 92;alaeddine.debeche@bikriaciment-dz.com/contact@biskriaciment-dz.com;;;
SPA GROUPEDES SOCIETES HASNAOUI;BLOC K10 CITE MAKAM CHAHID SIDI BEL ABBES 22000 ALGERIE;SIDI-BEL-ABBES;Algerie;048.77.03.17/048.77.01.40;048.77.03.01;info@groupe-hasnaoui.com;;;
SPA ICMA;VIA GARAVAGLIA 4- 20012 GUGGIONO (Ml) ITALY;;Italie;'+39.029.72.49.134 ;;CCAMPTIOTTI@ ICMASPA.IT;;;
SPA INTER ENTREPRISE;Z.l. DESSERTE N°03 CHETOUANE BLOC N°03 13000 - TLEMCEN;TLEMCEN;Algerie;043.27.40.90/043 27 15 36 ;043.27.87.93;interentreprise@groupekherbouche;;;
SPA RESEAUXPOIDSLOURDS;B.P.38- Z -1 - ROUIBA .;ALGER;Algerie;023 87 36 74 1/021.81.36.25 ;023 87 36 79 ;contact@rpl.com;;;
SIFAG;ZONE DE DEPOT N°47. TIZI-OUZOU.;TIZI-OUZOU;Algerie;026.20.24.65;02619 96 82;sifag@sifag-dz.com;;;
SPA STAR PANEL;CITE BEN SAID BACARO TICHY;ALGER;Algerie;;;;;;
TECHNOACIER SARL;BD DU 11 DECEMBRE 1960 VILLA N°4 EL-BIAR ALGER;ALGER;Algerie;021.79.04.70-0661.69.39.68;021.91.22.00;LILA.CHABOUR;;;
TIME SMART ENERGY;CITE 156 LOGTS BD BOUGUERRA MOHAMMDI;ALGER;Algerie;;;;;;
TIMEZGHINE KACEM;CITE BEN AMMER LOT 01 GPE N° 2013 HAMMADI BOUMERDES;BOUMERDES;Algerie;0555 50 68 85/0561.75.96.73/0056107596.73/0661.66.77.84 ;;ao.ahmed@leaderaluminium.net;;;
TINMAC;LOT MANSSEUR CITE 15 LOGEMENT LOCAL N°1 ET 2 15100 DRAA BEN KHEDDA;TIZI-OUZOU;Algerie;026.28.42.21/27.43.40;026.28.40.72/27.43.40;tinmac.dz@gmail.com;;;
TONI CONSTRUCTION SARL;118 LOT ALIOUA FODIL CHERGA;ALGER;Algerie;056009/82/65 ;;y.sefsaf@toniconstruction.com;;;
TOSYAU IRON STEEL INDUSTRY ALGERIE;POLE ECONOMIQUE, PLATEAU COMMUNE GOURIRATE BETHLOUHA W.ORAN;ORAN;Algerie;041.793.131;041.793.131;bouabdellah.boutiba@tosyali-spa.com;;;
TRAVAUXA DOMCILE CONSTRUCTION SARL;CITE GARDI 1 BT N° 01 KOUBA ALGER;ALGER;Algerie;023 70 04 93;;CONTACT@TADCONSTRICUTION.COM;;;
TROUVA YET CA UVIN SPA;72 ZONE INDUSTRIELLE OUED SMAR 153PB 16000;ALGER;Algerie;023/93/57/93/9495/0672436396;023/93/57/92;;;;
TUNA YAPIFACADESYSTEMES SARL;23 ZOUATNA AINSOULTANE KOUBA ALGER;ALGER;Algerie;0558 69 56 73 /0771 22 96 26 ;;hbayram@tunayapi.com.tr;;;
UNIVER CONCRETO EURL;CITA SALIBA N° 195 OUED SMAR ALGER;ALGER;Algerie;0770 43 02 03/0550 77 62 76; 023 39 01 70;;;;
VENT ANA SARL;ZONE INDUSTRIELLE ROUIBA;ALGER;Algerie;770902150;;;;;
VITROSAK SARL;CITE OULAD BOUDIL R N° 75 COMMUNE DE GUEDDJEL SETIF;SETIF;Algerie;067188 83 43/0663 42 47 74;;;;;
WINWA YPVC;CITE SERAYDIJIA MEFTAH W.BLIDA;BLIDA;Algerie;;;;;;
YOUR ENERG Y SOL UTIONS;43 COOP KAARDOUNE GP 39 BIS BIRKHADEM 16330;ALGER;Algerie;023 400 382/383;23400200;info@yes-de.com;;;
ZEKKA OUt SID ALI;;ALGER;Algerie;0777 46 91 28 ;;biboul138@gmail.com;;;
ZEON ALUMINIUMSARL;HAOUCHE KAOUCHE GP 460 SECT 02;ALGER;Algerie;0555 42 19 68/ ;;zeonaluminium5@gmail.com;;;
GLOBAL KAPIEURL;LOT SI HOUES N° 03 AIN TAYA ALGER;ALGER;Algerie;560677313;;globalkapi.algerie@gmail.com;;;
SIKA EL DJAZAIR ;8 ROUTE DE L'ARBAA LES ENCALYPTUS  ;ALGER  ; Algérie ;021 50 16 92  ;021 50 22 08 ;;;;
